time,x,y,yaw
1762758253.020926,-0.000079,-0.000586,0.000003
1762758253.070569,0.000294,-0.000341,-0.000079
1762758253.085101,0.001220,0.001217,0.000215
1762758253.096758,0.001116,0.000823,0.000156
1762758253.111554,0.001825,0.002654,0.000519
1762758253.138031,0.002764,0.001173,0.000173
1762758253.156153,0.003726,0.003896,0.000774
1762758253.173893,0.003326,0.002520,0.000869
1762758253.201248,0.005651,0.004807,0.001980
1762758253.226035,0.005607,0.004096,0.001919
1762758253.247244,0.005989,0.005746,0.002350
1762758253.263036,0.006633,0.005353,0.002156
1762758253.298810,0.006721,0.005233,0.002176
1762758253.337277,0.006225,0.005783,0.002411
1762758253.381537,0.005470,0.007521,0.002150
1762758253.415821,0.005530,0.005731,0.002171
1762758253.447838,0.006629,0.008055,0.002911
1762758253.482713,0.006752,0.008465,0.002937
1762758253.517406,0.006999,0.009085,0.002987
1762758253.557269,0.007013,0.008329,0.002956
1762758253.596967,0.008121,0.008653,0.003348
1762758253.629172,0.008515,0.007574,0.003201
1762758253.670953,0.010769,0.009776,0.004306
1762758253.715574,0.010565,0.009800,0.004358
1762758253.743871,0.008733,0.008292,0.003426
1762758253.782444,0.009884,0.006711,0.002909
1762758253.817969,0.010697,0.007681,0.003122
1762758253.852207,0.009980,0.008176,0.003421
1762758253.894397,0.009221,0.007326,0.002904
1762758253.940215,0.010679,0.006901,0.002429
1762758253.970645,0.009577,0.007987,0.001920
1762758254.010764,0.009106,0.007662,0.002100
1762758254.046063,0.008833,0.009101,0.002144
1762758254.077307,0.009858,0.008118,0.001820
1762758254.116804,0.008352,0.007159,0.001181
1762758254.157569,0.007345,0.008023,0.001579
1762758254.202586,0.007878,0.006964,0.001765
1762758254.226729,0.007748,0.006250,0.001833
1762758254.266028,0.007673,0.006259,0.001806
1762758254.314119,0.006433,0.006410,0.002291
1762758254.338354,0.006470,0.006795,0.002361
1762758254.380414,0.007596,0.005938,0.001869
1762758254.587793,0.006140,0.005844,0.001384
1762758254.607391,0.006929,0.005820,0.001109
1762758254.620685,0.007470,0.005094,0.001420
1762758254.635693,0.009438,0.003234,0.000651
1762758254.651915,0.009080,0.003080,0.000285
1762758254.715686,0.008027,0.003404,0.000620
1762758254.730135,0.009573,0.003802,0.001302
1762758254.741847,0.009709,0.004163,0.001325
1762758254.770861,0.011164,0.002090,0.001678
1762758254.782547,0.010997,0.001894,0.001772
1762758254.809764,0.010238,0.002565,0.001379
1762758254.854536,0.009584,0.001364,0.001648
1762758254.882462,0.010742,0.003377,0.002038
1762758254.918919,0.009658,0.003810,0.002431
1762758254.965290,0.009475,0.005398,0.002262
1762758255.178434,0.009882,0.005798,0.002215
1762758255.200140,0.009144,0.006068,0.002003
1762758255.211975,0.009100,0.005864,0.001958
1762758255.226601,0.009292,0.005600,0.001905
1762758255.241564,0.009953,0.005046,0.001601
1762758255.259120,0.011504,0.007133,0.002449
1762758255.443996,0.009652,0.008231,0.003188
1762758255.461599,0.009140,0.007514,0.002607
1762758255.476405,0.010221,0.005985,0.002830
1762758255.490978,0.011204,0.004794,0.002390
1762758255.505251,0.009004,0.004238,0.001336
1762758255.522870,0.007650,0.005483,0.001909
1762758255.537611,0.008689,0.008721,0.002645
1762758255.555227,0.010075,0.006767,0.002033
1762758255.572650,0.009717,0.004641,0.001732
1762758255.587237,0.008381,0.006698,0.002436
1762758255.610284,0.007595,0.005591,0.001933
1762758255.658067,0.007458,0.004328,0.001926
1762758255.712052,0.009451,0.008001,0.003026
1762758255.736898,0.012000,0.005430,0.002116
1762758255.775347,0.012759,0.006584,0.002371
1762758255.816924,0.012293,0.006216,0.002431
1762758255.868506,0.011092,0.006192,0.001942
1762758255.895902,0.010971,0.006369,0.002223
1762758255.933290,0.010524,0.006546,0.001998
1762758256.148623,0.010592,0.005157,0.001886
1762758256.163387,0.012689,0.007710,0.002900
1762758256.181934,0.013177,0.008491,0.002759
1762758256.196571,0.012933,0.010223,0.002862
1762758256.211390,0.011520,0.009374,0.003289
1762758256.237411,0.013729,0.011625,0.004152
1762758256.255345,0.014534,0.011720,0.003918
1762758256.270252,0.014982,0.013263,0.004166
1762758256.293862,0.013566,0.013558,0.004661
1762758256.338180,0.013140,0.015363,0.004640
1762758256.371830,0.012038,0.015961,0.005096
1762758256.405693,0.012117,0.014543,0.004933
1762758256.448822,0.012697,0.014927,0.004773
1762758256.482494,0.015195,0.017951,0.006227
1762758256.522311,0.016289,0.016452,0.005716
1762758256.562845,0.015227,0.015456,0.005053
1762758256.596488,0.015036,0.014578,0.005211
1762758256.640978,0.015252,0.015846,0.005305
1762758256.689586,0.016514,0.014707,0.004800
1762758256.721413,0.016030,0.012979,0.004405
1762758256.761757,0.016014,0.013004,0.004404
1762758256.829786,0.015206,0.013297,0.004120
1762758256.883065,0.016651,0.012571,0.003639
1762758256.902287,0.017657,0.016049,0.004336
1762758256.915529,0.017986,0.015431,0.004131
1762758256.943968,0.017836,0.015720,0.003904
1762758256.989046,0.019140,0.012411,0.003426
1762758257.028575,0.017542,0.012818,0.002670
1762758257.070481,0.018291,0.012692,0.002306
1762758257.105699,0.017522,0.012204,0.002022
1762758257.143002,0.017051,0.011206,0.002239
1762758257.180901,0.015270,0.008737,0.001166
1762758257.217198,0.013713,0.009043,0.001641
1762758257.254846,0.012604,0.009075,0.000983
1762758257.294333,0.012943,0.009589,0.000987
1762758257.333528,0.013250,0.010239,0.001085
1762758257.370423,0.013953,0.008935,0.000829
1762758257.402275,0.012052,0.007738,0.000076
1762758257.444482,0.011568,0.008856,0.000233
1762758257.485411,0.011663,0.011542,0.000469
1762758257.526045,0.011356,0.010127,0.000536
1762758257.569342,0.013068,0.009661,0.001286
1762758257.596663,0.012971,0.010545,0.001421
1762758257.640141,0.012649,0.010853,0.001296
1762758257.687322,0.013893,0.010084,0.000797
1762758257.717402,0.013769,0.009879,0.000740
1762758257.751299,0.012759,0.009696,0.001167
1762758257.790525,0.013947,0.010656,0.001881
1762758257.851299,0.015695,0.009288,0.001232
1762758257.870605,0.013949,0.008823,0.000310
1762758257.906423,0.014904,0.007881,-0.000064
1762758257.940330,0.014923,0.007504,-0.000281
1762758257.979795,0.014514,0.009263,-0.000027
1762758258.024198,0.014164,0.009923,-0.000289
1762758258.078851,0.013267,0.011715,0.000169
1762758258.105799,0.014417,0.011295,0.000820
1762758258.157513,0.015194,0.009829,0.000500
1762758258.185436,0.016205,0.013300,0.001152
1762758258.225496,0.016222,0.012329,0.001239
1762758258.269011,0.014285,0.010366,0.000445
1762758258.297969,0.014589,0.011528,0.000402
1762758258.332736,0.013373,0.013674,-0.000172
1762758258.371379,0.012702,0.013244,0.000108
1762758258.404967,0.014554,0.013609,0.001127
1762758258.446058,0.014341,0.013034,0.001120
1762758258.485725,0.014793,0.014171,0.001314
1762758258.527540,0.015427,0.013089,0.001067
1762758258.565810,0.016112,0.013625,0.001308
1762758258.604365,0.016425,0.012563,0.001141
1762758258.641097,0.017827,0.014630,0.001626
1762758258.678263,0.018793,0.012539,0.001262
1762758258.714866,0.019206,0.015476,0.001616
1762758258.754055,0.020646,0.016233,0.001190
1762758258.812941,0.023448,0.017670,0.002213
1762758258.844547,0.023542,0.017286,0.002162
1762758258.872737,0.023403,0.019276,0.002155
1762758258.917700,0.023875,0.018340,0.001941
1762758258.956390,0.024619,0.018001,0.002332
1762758258.992008,0.024499,0.018705,0.002443
1762758259.043763,0.023911,0.017015,0.002178
1762758259.075022,0.022609,0.017985,0.002728
1762758259.104934,0.023625,0.020094,0.003403
1762758259.281296,0.025062,0.019308,0.002958
1762758259.298622,0.025498,0.020289,0.003200
1762758259.316714,0.023880,0.019724,0.003680
1762758259.331167,0.024185,0.021007,0.003766
1762758259.351748,0.025111,0.019701,0.003381
1762758259.431032,0.025225,0.019247,0.003370
1762758259.443143,0.023982,0.019079,0.003807
1762758259.463600,0.024328,0.019984,0.004029
1762758259.482111,0.024656,0.021006,0.003944
1762758259.498099,0.025351,0.021290,0.004188
1762758259.525650,0.025716,0.019666,0.004010
1762758259.564124,0.023787,0.022272,0.003307
1762758259.616378,0.024134,0.020130,0.003191
1762758259.655003,0.025327,0.021479,0.003651
1762758259.690199,0.026562,0.022062,0.003347
1762758259.745452,0.027568,0.019651,0.003719
1762758259.773477,0.025920,0.020037,0.004256
1762758259.802266,0.026100,0.021747,0.004571
1762758259.835030,0.027491,0.021065,0.004182
1762758259.883827,0.029656,0.022415,0.005113
1762758259.911255,0.030965,0.021782,0.004567
1762758259.951155,0.030591,0.022018,0.004513
1762758259.985644,0.030915,0.020909,0.004306
1762758260.023111,0.029920,0.022233,0.003916
1762758260.058833,0.031725,0.021841,0.003243
1762758260.094048,0.032126,0.022387,0.003443
1762758260.142657,0.031148,0.023295,0.003866
1762758260.175801,0.030930,0.023956,0.003824
1762758260.218039,0.031133,0.023809,0.003715
1762758260.244994,0.031624,0.024246,0.003955
1762758260.283548,0.031448,0.025109,0.004167
1762758260.315603,0.031808,0.025137,0.004269
1762758260.352225,0.030800,0.025599,0.004684
1762758260.401113,0.029919,0.027345,0.004276
1762758260.435404,0.030164,0.028003,0.004246
1762758260.467327,0.028668,0.029123,0.003611
1762758260.503803,0.028647,0.028921,0.003621
1762758260.550491,0.029954,0.030400,0.004154
1762758260.576454,0.028995,0.029254,0.004489
1762758260.628028,0.028160,0.027717,0.004067
1762758260.660825,0.028901,0.026803,0.003827
1762758260.709155,0.028552,0.027415,0.003571
1762758260.746505,0.027629,0.027829,0.003977
1762758260.783316,0.028664,0.029348,0.004462
1762758260.823850,0.028096,0.028678,0.004677
1762758260.867421,0.025282,0.027951,0.003375
1762758260.897833,0.026049,0.027373,0.003060
1762758260.931701,0.025763,0.028037,0.002800
1762758260.967694,0.025265,0.027641,0.002979
1762758261.014618,0.027471,0.029821,0.003885
1762758261.047275,0.029186,0.028430,0.003206
1762758261.096193,0.026683,0.026269,0.001983
1762758261.134069,0.026158,0.026081,0.002121
1762758261.172359,0.028007,0.028285,0.003061
1762758261.205889,0.026511,0.028468,0.003663
1762758261.241660,0.027247,0.029352,0.004043
1762758261.289499,0.027778,0.028204,0.003792
1762758261.323201,0.027933,0.030293,0.003896
1762758261.372839,0.027747,0.029971,0.003960
1762758261.405159,0.025614,0.028400,0.002826
1762758261.443630,0.027907,0.026480,0.001916
1762758261.472287,0.028719,0.029044,0.002332
1762758261.511739,0.029960,0.027592,0.001776
1762758261.546450,0.030492,0.030754,0.002196
1762758261.579809,0.029832,0.032165,0.002563
1762758261.667229,0.030313,0.034033,0.002944
1762758261.683004,0.030953,0.033125,0.002779
1762758261.698763,0.029884,0.032015,0.002064
1762758261.738947,0.029123,0.032737,0.002421
1762758261.765688,0.029759,0.033295,0.002679
1762758261.806212,0.030884,0.032652,0.002214
1762758261.839537,0.030080,0.032857,0.001890
1762758261.887937,0.029108,0.031914,0.002235
1762758261.919740,0.030174,0.031863,0.002697
1762758261.960045,0.030003,0.032587,0.002775
1762758262.006442,0.030124,0.033033,0.002812
1762758262.034373,0.031244,0.031360,0.002471
1762758262.076281,0.031769,0.031824,0.002820
1762758262.110699,0.031908,0.032084,0.002838
1762758262.165607,0.033240,0.032852,0.003413
1762758262.202885,0.033873,0.030963,0.003061
1762758262.243343,0.031842,0.030499,0.002353
1762758262.278638,0.031297,0.030152,0.002548
1762758262.318623,0.032325,0.031530,0.003007
1762758262.352288,0.032388,0.030307,0.002933
1762758262.410949,0.032320,0.032441,0.003070
1762758262.442343,0.032427,0.032342,0.003100
1762758262.481564,0.034074,0.033358,0.003744
1762758262.528305,0.034528,0.032777,0.003607
1762758262.563194,0.034040,0.034324,0.003491
1762758262.600547,0.033392,0.035373,0.003840
1762758262.640904,0.033418,0.035348,0.003750
1762758262.687270,0.034700,0.034360,0.003284
1762758262.723351,0.035700,0.033491,0.003848
1762758262.755892,0.038467,0.031806,0.002848
1762758262.792376,0.037111,0.032332,0.002009
1762758262.844886,0.036956,0.032299,0.002020
1762758262.884510,0.035017,0.029657,0.000918
1762758262.911949,0.036872,0.027509,0.000199
1762758262.966502,0.034566,0.031562,-0.000505
1762758262.991467,0.034707,0.032502,-0.000504
1762758263.026033,0.035119,0.030834,-0.000542
1762758263.070553,0.034466,0.031022,-0.000312
1762758263.102010,0.033566,0.030931,-0.000666
1762758263.137163,0.034557,0.028753,-0.001087
1762758263.173638,0.034748,0.030493,-0.000883
1762758263.199821,0.034321,0.030603,-0.000624
1762758263.240963,0.034098,0.028968,-0.000688
1762758263.279218,0.033582,0.029896,-0.000380
1762758263.337463,0.030960,0.030343,-0.001314
1762758263.355782,0.032166,0.028993,-0.001779
1762758263.411221,0.034122,0.028553,-0.000987
1762758263.446022,0.032942,0.028306,-0.000556
1762758263.477616,0.032862,0.028361,-0.000706
1762758263.519747,0.032165,0.027371,-0.000513
1762758263.561181,0.030237,0.027340,-0.001130
1762758263.599046,0.029687,0.027171,-0.000894
1762758263.631337,0.027395,0.031427,-0.001583
1762758263.663852,0.026822,0.032025,-0.001351
1762758263.699864,0.028529,0.032219,-0.000561
1762758263.904677,0.028351,0.032145,-0.000434
1762758263.925683,0.028729,0.032022,-0.000282
1762758263.982114,0.028244,0.033386,-0.000057
1762758264.002130,0.027261,0.032848,-0.000369
1762758264.016308,0.028675,0.031113,-0.000938
1762758264.033616,0.028069,0.029107,-0.001447
1762758264.051509,0.026572,0.030535,-0.000865
1762758264.068685,0.028305,0.034019,0.000388
1762758264.089162,0.029937,0.032130,-0.000255
1762758264.103871,0.028980,0.033839,-0.000677
1762758264.248352,0.029330,0.033144,-0.000775
1762758264.265924,0.028618,0.031414,-0.001094
1762758264.279945,0.027643,0.031065,-0.000805
1762758264.296942,0.027663,0.034191,-0.000607
1762758264.317052,0.027373,0.035092,-0.000405
1762758264.503693,0.028781,0.036351,0.000341
1762758264.518410,0.029674,0.035670,0.000046
1762758264.537476,0.029073,0.033041,-0.000384
1762758264.553389,0.028312,0.033140,-0.000141
1762758264.576461,0.028528,0.034644,0.000033
1762758264.591417,0.029245,0.033807,-0.000217
1762758264.605941,0.027763,0.033923,-0.000877
1762758264.617792,0.027502,0.033321,-0.000813
1762758264.634532,0.027662,0.034893,-0.000797
1762758264.646212,0.027232,0.034668,-0.000526
1762758264.680276,0.025733,0.034343,-0.001318
1762758264.713293,0.026395,0.033066,-0.001667
1762758264.744957,0.026583,0.033642,-0.001516
1762758264.785757,0.026983,0.033287,-0.001639
1762758264.842763,0.025224,0.032231,-0.002150
1762758264.863491,0.024786,0.032717,-0.001893
1762758264.899622,0.025202,0.029907,-0.001930
1762758264.938407,0.024896,0.028452,-0.001784
1762758264.976427,0.022904,0.029265,-0.002741
1762758265.022427,0.022772,0.027950,-0.002773
1762758265.057827,0.024315,0.028585,-0.002204
1762758265.081573,0.024941,0.027938,-0.002377
1762758265.122001,0.026670,0.029896,-0.001464
1762758265.160393,0.027452,0.029175,-0.001726
1762758265.200219,0.027502,0.030498,-0.001524
1762758265.242686,0.027860,0.030370,-0.001552
1762758265.288865,0.029217,0.032027,-0.000794
1762758265.320127,0.027793,0.033009,-0.000234
1762758265.357399,0.027374,0.034698,-0.000410
1762758265.404807,0.028323,0.033809,-0.000750
1762758265.445879,0.028518,0.031456,-0.000868
1762758265.539122,0.027382,0.032871,-0.000376
1762758265.556428,0.027396,0.034188,-0.000098
1762758265.573779,0.028309,0.032875,-0.000528
1762758265.592912,0.026409,0.032711,-0.001398
1762758265.639589,0.025610,0.033107,-0.001050
1762758265.664129,0.027220,0.034133,-0.000472
1762758265.701046,0.027346,0.035033,-0.000395
1762758265.741615,0.027085,0.034457,-0.000446
1762758265.768214,0.027433,0.035136,-0.000328
1762758265.810766,0.028002,0.037179,0.000426
1762758265.845369,0.027694,0.037537,0.000600
1762758265.879573,0.026415,0.038404,0.000440
1762758265.922199,0.023301,0.039184,0.000840
1762758265.948101,0.017483,0.037732,-0.000009
1762758265.982714,0.012851,0.037405,0.000027
1762758266.026254,0.007586,0.036588,0.000028
1762758266.065636,0.001099,0.037555,0.000786
1762758266.100270,-0.006153,0.035427,0.000047
1762758266.133540,-0.012841,0.035812,0.000878
1762758266.169495,-0.019901,0.037022,0.000230
1762758266.203234,-0.026645,0.039295,0.001158
1762758266.238641,-0.034200,0.035906,0.000045
1762758266.273123,-0.039436,0.035444,0.000235
1762758266.330288,-0.047385,0.032954,-0.001087
1762758266.345610,-0.054672,0.034976,0.000085
1762758266.392916,-0.061111,0.037449,-0.000509
1762758266.419563,-0.067391,0.038813,0.000218
1762758266.457319,-0.071912,0.038314,0.000481
1762758266.505418,-0.077678,0.039788,0.001049
1762758266.548108,-0.088221,0.033489,-0.001138
1762758266.568281,-0.093819,0.034439,-0.000588
1762758266.610129,-0.099223,0.033564,-0.000549
1762758266.644830,-0.105191,0.033720,-0.000130
1762758266.773088,-0.110706,0.033363,-0.000288
1762758266.791294,-0.115593,0.032708,-0.000159
1762758266.809802,-0.121708,0.030433,-0.000622
1762758266.824303,-0.126508,0.031023,-0.000527
1762758266.843487,-0.135037,0.030570,-0.002107
1762758266.860770,-0.141593,0.032531,-0.001264
1762758266.907011,-0.148257,0.032879,-0.001671
1762758266.935672,-0.154772,0.035046,-0.000896
1762758266.980548,-0.162264,0.035699,-0.001866
1762758267.020434,-0.168125,0.037846,-0.001355
1762758267.062092,-0.174458,0.035979,-0.001806
1762758267.091010,-0.181832,0.037229,-0.000739
1762758267.137183,-0.190418,0.034532,-0.002069
1762758267.167146,-0.198293,0.034724,-0.000962
1762758267.206473,-0.206750,0.033610,-0.002244
1762758267.244859,-0.214648,0.033943,-0.001123
1762758267.271029,-0.220201,0.034271,-0.000977
1762758267.312505,-0.227411,0.035879,0.000126
1762758267.364231,-0.234677,0.033972,-0.000471
1762758267.393959,-0.240949,0.034480,0.000069
1762758267.426209,-0.246771,0.034307,0.000194
1762758267.457407,-0.253402,0.035095,0.000799
1762758267.503277,-0.259637,0.031409,0.000577
1762758267.537706,-0.266448,0.032627,0.001343
1762758267.763111,-0.273297,0.032296,0.000907
1762758267.778701,-0.279087,0.032062,0.001223
1762758267.794029,-0.285285,0.034232,0.001096
1762758267.813646,-0.290329,0.039841,0.001472
1762758267.829905,-0.297331,0.038825,0.000995
1762758267.847922,-0.303763,0.040639,0.001578
1762758267.863162,-0.310708,0.041362,0.001369
1762758267.882464,-0.318053,0.042762,0.002253
1762758267.901551,-0.325347,0.040473,0.001546
1762758267.924342,-0.331152,0.044561,0.002128
1762758267.960465,-0.337692,0.044046,0.002033
1762758268.006839,-0.346064,0.045714,0.003288
1762758268.027636,-0.352232,0.044748,0.003256
1762758268.061693,-0.357814,0.045408,0.003509
1762758268.098989,-0.363543,0.044772,0.003628
1762758268.133305,-0.370218,0.045144,0.004311
1762758268.173494,-0.377552,0.044147,0.003893
1762758268.223826,-0.383378,0.045473,0.004304
1762758268.265801,-0.389439,0.045518,0.004195
1762758268.302533,-0.395470,0.045916,0.004664
1762758268.343435,-0.402414,0.043815,0.004046
1762758268.369554,-0.409090,0.045401,0.004849
1762758268.411196,-0.416358,0.044866,0.004223
1762758268.447616,-0.423754,0.045351,0.005065
1762758268.484054,-0.431045,0.045059,0.004380
1762758268.529059,-0.437241,0.045819,0.004995
1762758268.558286,-0.444096,0.046881,0.004510
1762758268.606301,-0.451232,0.049534,0.005562
1762758268.649268,-0.455247,0.049080,0.005839
1762758268.674396,-0.459677,0.048884,0.005816
1762758268.708387,-0.465797,0.048999,0.005719
1762758268.750156,-0.470795,0.050266,0.005995
1762758268.783874,-0.477775,0.050327,0.005372
1762758268.833130,-0.483755,0.052257,0.006107
1762758268.870817,-0.491977,0.052054,0.005244
1762758268.905146,-0.497940,0.052721,0.005750
1762758268.951771,-0.504599,0.052184,0.005165
1762758268.980348,-0.510540,0.052875,0.005769
1762758269.021139,-0.516477,0.052706,0.005358
1762758269.056031,-0.520880,0.053457,0.005560
1762758269.096106,-0.525169,0.051437,0.005897
1762758269.136184,-0.530190,0.052364,0.006245
1762758269.165949,-0.536040,0.052790,0.006028
1762758269.203727,-0.542213,0.053481,0.006672
1762758269.249383,-0.547839,0.050768,0.006474
1762758269.288460,-0.553973,0.053042,0.007236
1762758269.324775,-0.558907,0.051693,0.006996
1762758269.358190,-0.564771,0.052621,0.007692
1762758269.400406,-0.574202,0.050180,0.005938
1762758269.433192,-0.579462,0.052596,0.006341
1762758269.470479,-0.586275,0.051727,0.005708
1762758269.508707,-0.593823,0.052531,0.006899
1762758269.538802,-0.598417,0.051378,0.007190
1762758269.584044,-0.603702,0.052490,0.007576
1762758269.618656,-0.611231,0.052194,0.006779
1762758269.681885,-0.618416,0.054481,0.007813
1762758269.696469,-0.624916,0.054897,0.007405
1762758269.721128,-0.632353,0.055952,0.008487
1762758269.759474,-0.637544,0.055867,0.008445
1762758269.819950,-0.645324,0.057153,0.009591
1762758269.837874,-0.652893,0.057592,0.008703
1762758269.885136,-0.659418,0.057535,0.009457
1762758269.920325,-0.666753,0.056144,0.008633
1762758269.949807,-0.672843,0.056557,0.009130
1762758269.995688,-0.678959,0.054912,0.008752
1762758270.036778,-0.685961,0.056697,0.009626
1762758270.066937,-0.693197,0.057750,0.008927
1762758270.101512,-0.699502,0.059198,0.009574
1762758270.137217,-0.706700,0.055387,0.008813
1762758270.171787,-0.712919,0.055012,0.009182
1762758270.205433,-0.718283,0.054480,0.009361
1762758270.241637,-0.724701,0.054764,0.009920
1762758270.279610,-0.732032,0.054444,0.009413
1762758270.317299,-0.739849,0.054864,0.010414
1762758270.358423,-0.748260,0.054261,0.009358
1762758270.525619,-0.753662,0.054584,0.009595
1762758270.551015,-0.762078,0.054188,0.008686
1762758270.569719,-0.769492,0.055930,0.009607
1762758270.590094,-0.777239,0.055460,0.008736
1762758270.607099,-0.783841,0.056557,0.009537
1762758270.635164,-0.791917,0.055615,0.008516
1762758270.648010,-0.798535,0.055885,0.009059
1762758270.661098,-0.806318,0.056056,0.008242
1762758270.710880,-0.814675,0.057075,0.009482
1762758270.769115,-0.822993,0.056207,0.008523
1762758270.785409,-0.830083,0.057769,0.009360
1762758270.801394,-0.836956,0.057021,0.009092
1762758270.926320,-0.843127,0.057616,0.009604
1762758270.942719,-0.849541,0.056577,0.009314
1762758270.959102,-0.855299,0.058294,0.009759
1762758270.975673,-0.861920,0.058945,0.009323
1762758270.996060,-0.868972,0.059830,0.010288
1762758271.021706,-0.875628,0.058448,0.009553
1762758271.054011,-0.881843,0.060514,0.010260
1762758271.112247,-0.890225,0.057718,0.009174
1762758271.133914,-0.897193,0.057626,0.009975
1762758271.160748,-0.905154,0.059438,0.008974
1762758271.201282,-0.912031,0.060207,0.009809
1762758271.230924,-0.919988,0.059769,0.008720
1762758271.268526,-0.925745,0.060115,0.009267
1762758271.316118,-0.931898,0.059748,0.009041
1762758271.355122,-0.938764,0.060763,0.009933
1762758271.376588,-0.945662,0.060635,0.009247
1762758271.416299,-0.951293,0.062069,0.009749
1762758271.451580,-0.957733,0.061469,0.009477
1762758271.498980,-0.965570,0.062939,0.010789
1762758271.533365,-0.972086,0.062928,0.010253
1762758271.556558,-0.979238,0.063544,0.011347
1762758271.601641,-0.985266,0.065268,0.011088
1762758271.633902,-0.991573,0.066643,0.011938
1762758271.670823,-0.997539,0.066451,0.011372
1762758271.705307,-1.000853,0.065958,0.011772
1762758271.759346,-1.003769,0.066144,0.010937
1762758271.778207,-1.003912,0.066502,0.010909
1762758271.809144,-1.002879,0.066705,0.011440
1762758271.882961,-1.003572,0.065832,0.011588
1762758271.901455,-1.003931,0.065803,0.011110
1762758271.919582,-1.004246,0.065492,0.010914
1762758271.959644,-1.005688,0.065166,0.009958
1762758272.001814,-1.005590,0.064763,0.009835
1762758272.036660,-1.006882,0.064641,0.009055
1762758272.068175,-1.006155,0.064111,0.008809
1762758272.111701,-1.005598,0.064293,0.009150
1762758272.144411,-1.004843,0.064194,0.008831
1762758272.187944,-1.004692,0.063952,0.008623
1762758272.220383,-1.004645,0.063049,0.008556
1762758272.264428,-1.005159,0.064375,0.008365
1762758272.300716,-1.005172,0.064292,0.008460
1762758272.339746,-1.005682,0.064463,0.008220
1762758272.374032,-1.005175,0.064241,0.008084
1762758272.416625,-1.005949,0.066266,0.007884
1762758272.467721,-1.006617,0.066548,0.008281
1762758272.484163,-1.006329,0.065560,0.008249
1762758272.528895,-1.005841,0.064938,0.008095
1762758272.561918,-1.006114,0.064336,0.008017
1762758272.600012,-1.006813,0.064587,0.008370
1762758272.641391,-1.008084,0.065188,0.008187
1762758272.667533,-1.007591,0.064825,0.008124
1762758272.708108,-1.005594,0.065200,0.009290
1762758272.745198,-1.004409,0.064149,0.008798
1762758272.776643,-1.004760,0.066070,0.008834
1762758272.816011,-1.003792,0.066164,0.008374
1762758272.860404,-1.006155,0.065518,0.007407
1762758272.892467,-1.006207,0.064402,0.007458
1762758272.940220,-1.006590,0.066636,0.007704
1762758272.972304,-1.005314,0.065725,0.007179
1762758273.008850,-1.005744,0.065366,0.007148
1762758273.046333,-1.004739,0.066333,0.006999
1762758273.082266,-1.004108,0.066906,0.007484
1762758273.118415,-1.003162,0.067011,0.007335
1762758273.156312,-1.004781,0.068100,0.006888
1762758273.212374,-1.005365,0.067848,0.007178
1762758273.237861,-1.006049,0.068127,0.006942
1762758273.282372,-1.004508,0.068128,0.006375
1762758273.321868,-1.004037,0.070757,0.006444
1762758273.358211,-1.002780,0.069515,0.005927
1762758273.402840,-1.004835,0.068072,0.005190
1762758273.432952,-1.004573,0.066296,0.005250
1762758273.476437,-1.005166,0.066746,0.005477
1762758273.513134,-1.004883,0.066285,0.005589
1762758273.563213,-1.005807,0.068737,0.004172
1762758273.598123,-0.995866,0.065621,0.000697
1762758273.628957,-1.027833,0.062763,-0.007173
1762758273.666147,-0.987449,0.053366,-0.016579
1762758273.721419,-1.045241,0.080716,-0.033910
1762758273.748669,-0.997800,0.069331,-0.039969
1762758273.797261,-1.059983,0.094293,-0.063280
1762758273.835222,-1.010606,0.086563,-0.069889
1762758273.880419,-1.072149,0.112865,-0.088343
1762758273.983329,-1.029095,0.132190,-0.108336
1762758274.030363,-1.091277,0.156885,-0.130957
1762758274.120829,-1.048358,0.175742,-0.152568
1762758274.165243,-1.110312,0.205193,-0.173343
1762758274.298693,-1.069726,0.226178,-0.192702
1762758274.381582,-1.084857,0.213311,-0.233877
1762758274.453682,-1.102375,0.212136,-0.271237
1762758274.549110,-1.119266,0.192664,-0.306464
1762758274.651490,-1.191737,0.190137,-0.363186
1762758274.701125,-1.173538,0.184128,-0.407815
1762758274.785421,-1.224541,0.169588,-0.434947
1762758274.860321,-1.239614,0.155009,-0.472056
1762758274.927995,-1.257489,0.152899,-0.508413
1762758275.027896,-1.274757,0.153258,-0.540354
1762758275.145667,-1.295975,0.164132,-0.569306
1762758275.201819,-1.312540,0.152309,-0.608051
1762758275.218925,-1.312382,0.151206,-0.608507
1762758275.245007,-1.313784,0.152086,-0.608931
1762758275.259115,-1.313034,0.151805,-0.609111
1762758275.277271,-1.312574,0.151599,-0.608807
1762758275.295837,-1.314324,0.151394,-0.608344
1762758275.314295,-1.314106,0.150755,-0.608499
1762758275.329838,-1.313540,0.151319,-0.608644
1762758275.351294,-1.314617,0.151788,-0.609388
1762758275.369833,-1.316182,0.151368,-0.608911
1762758275.385819,-1.316033,0.151901,-0.608693
1762758275.429525,-1.316006,0.151477,-0.608739
1762758275.463381,-1.314388,0.151097,-0.608282
1762758275.496463,-1.315159,0.150757,-0.608094
1762758275.540534,-1.313325,0.150936,-0.607447
1762758275.568471,-1.312652,0.150893,-0.607576
1762758275.611520,-1.310963,0.149815,-0.606990
1762758275.660294,-1.311577,0.149918,-0.606757
1762758275.707108,-1.311222,0.149693,-0.606733
1762758275.758782,-1.310842,0.149793,-0.606863
1762758275.788565,-1.310916,0.150306,-0.606838
1762758275.822703,-1.311871,0.149508,-0.606612
1762758275.866224,-1.311840,0.149774,-0.606753
1762758275.906595,-1.312067,0.149767,-0.606730
1762758275.946123,-1.312969,0.151577,-0.607557
1762758275.970628,-1.314149,0.151017,-0.607955
1762758276.025434,-1.325489,0.146380,-0.612876
1762758276.072073,-1.311983,0.146658,-0.615661
1762758276.187784,-1.348870,0.130131,-0.639428
1762758276.223305,-1.329556,0.126211,-0.659814
1762758276.272903,-1.370360,0.120920,-0.681314
1762758276.301870,-1.355475,0.116151,-0.690437
1762758276.354399,-1.395610,0.112890,-0.711786
1762758276.382549,-1.384253,0.107979,-0.721078
1762758276.443699,-1.412559,0.098338,-0.745001
1762758276.478609,-1.406709,0.094784,-0.759827
1762758276.589099,-1.432019,0.092704,-0.784311
1762758276.622705,-1.427671,0.088562,-0.798389
1762758276.710924,-1.448472,0.079733,-0.821461
1762758276.770374,-1.473161,0.083963,-0.872210
1762758276.892174,-1.494706,0.097866,-0.901058
1762758276.960113,-1.529135,0.106460,-0.968461
1762758277.070486,-1.545514,0.115059,-0.998514
1762758277.157773,-1.568491,0.138412,-1.056749
1762758277.233595,-1.587719,0.151724,-1.095700
1762758277.318692,-1.607037,0.163559,-1.132322
1762758277.412274,-1.627363,0.177886,-1.169976
1762758277.530751,-1.646321,0.192102,-1.203132
1762758277.602725,-1.672312,0.223893,-1.233198
1762758277.749117,-1.686348,0.240782,-1.261629
1762758277.817412,-1.699720,0.250630,-1.273907
1762758277.838624,-1.700845,0.254208,-1.273319
1762758277.853324,-1.700554,0.253773,-1.274547
1762758277.880590,-1.698257,0.249128,-1.275995
1762758277.898354,-1.699633,0.251586,-1.278188
1762758277.915925,-1.700207,0.254184,-1.278420
1762758277.930090,-1.700512,0.254223,-1.278903
1762758277.961169,-1.698993,0.251311,-1.279854
1762758278.041431,-1.708956,0.276881,-1.288723
1762758278.179566,-1.708267,0.234302,-1.304943
1762758278.232852,-1.711379,0.250059,-1.310442
1762758278.266367,-1.717687,0.245058,-1.311827
1762758278.296306,-1.723474,0.249761,-1.314820
1762758278.329968,-1.719069,0.237962,-1.322901
1762758278.380812,-1.727790,0.272291,-1.334281
1762758278.424924,-1.734169,0.263157,-1.341908
1762758278.461189,-1.732235,0.259832,-1.343601
1762758278.536126,-1.743403,0.288563,-1.354213
1762758278.659709,-1.744536,0.282644,-1.378089
1762758278.690005,-1.749218,0.276722,-1.385727
1762758278.817052,-1.762982,0.306543,-1.396046
1762758278.868077,-1.769619,0.297779,-1.415068
1762758278.902473,-1.773540,0.299128,-1.416737
1762758278.948949,-1.771120,0.289729,-1.422278
1762758279.004080,-1.779540,0.324880,-1.436134
1762758279.108991,-1.786684,0.343569,-1.448062
1762758279.199869,-1.785125,0.308589,-1.458693
1762758279.287868,-1.798831,0.304948,-1.476377
1762758279.314844,-1.800124,0.309626,-1.478450
1762758279.337546,-1.800004,0.307703,-1.477948
1762758279.360515,-1.799874,0.305324,-1.478451
1762758279.375203,-1.800048,0.306066,-1.478794
1762758279.393809,-1.800308,0.307371,-1.478731
1762758279.412807,-1.799955,0.305508,-1.478420
1762758279.431392,-1.800443,0.307354,-1.478245
1762758279.449693,-1.800977,0.309542,-1.479071
1762758279.471903,-1.800869,0.311403,-1.478694
1762758279.486460,-1.800490,0.311156,-1.478430
1762758279.538704,-1.800933,0.309749,-1.478528
1762758279.588202,-1.801794,0.309806,-1.478733
1762758279.627139,-1.801459,0.309635,-1.478922
1762758279.664467,-1.800828,0.308440,-1.478814
1762758279.712095,-1.800858,0.306178,-1.478999
1762758279.764916,-1.801616,0.310400,-1.480789
1762758279.783209,-1.802207,0.311280,-1.480724
1762758279.814409,-1.801418,0.308288,-1.479744
1762758279.849581,-1.800797,0.307413,-1.479998
1762758279.889144,-1.801228,0.308897,-1.480640
1762758279.937175,-1.802454,0.313201,-1.480011
1762758279.972303,-1.802179,0.312763,-1.479945
1762758280.007810,-1.802600,0.313590,-1.479724
1762758280.046310,-1.802266,0.313212,-1.480004
1762758280.087424,-1.801456,0.310873,-1.481332
1762758280.133437,-1.808054,0.313142,-1.483731
1762758280.165084,-1.812665,0.306341,-1.486172
1762758280.214931,-1.820409,0.313687,-1.489075
1762758280.253301,-1.826681,0.309460,-1.490354
1762758280.281472,-1.831838,0.310157,-1.490881
1762758280.318319,-1.837801,0.308374,-1.491577
1762758280.384356,-1.846642,0.310315,-1.492716
1762758280.407912,-1.852045,0.310696,-1.492814
1762758280.453574,-1.857677,0.310204,-1.493474
1762758280.482896,-1.863774,0.311127,-1.493027
1762758280.516853,-1.869963,0.308426,-1.492606
1762758280.557171,-1.874408,0.305684,-1.493253
1762758280.595246,-1.880364,0.305850,-1.493620
1762758280.630507,-1.885487,0.305871,-1.493636
1762758280.670305,-1.891164,0.305348,-1.493284
1762758280.706778,-1.896244,0.305166,-1.493189
1762758280.747404,-1.902189,0.304942,-1.492686
1762758280.792208,-1.907032,0.302210,-1.493127
1762758280.832345,-1.913064,0.303585,-1.493919
1762758280.866050,-1.918733,0.305141,-1.493456
1762758280.905228,-1.924636,0.304376,-1.493163
1762758280.940054,-1.929803,0.305968,-1.492811
1762758280.977898,-1.936503,0.305821,-1.493263
1762758281.017769,-1.942352,0.308856,-1.492777
1762758281.047024,-1.948294,0.309682,-1.493322
1762758281.093059,-1.952403,0.305644,-1.493634
1762758281.129400,-1.957548,0.305952,-1.494259
1762758281.169558,-1.960614,0.304235,-1.494497
1762758281.199887,-1.962313,0.305017,-1.494937
1762758281.234350,-1.962364,0.304760,-1.494956
1762758281.275812,-1.962203,0.302455,-1.494200
1762758281.315346,-1.962086,0.301651,-1.494310
1762758281.347489,-1.962267,0.301977,-1.494800
1762758281.387010,-1.962923,0.303149,-1.494720
1762758281.435694,-1.963643,0.305158,-1.495587
1762758281.476568,-1.964685,0.309029,-1.494934
1762758281.502337,-1.964873,0.308962,-1.494883
1762758281.562069,-1.964305,0.305847,-1.495312
1762758281.597561,-1.964800,0.306688,-1.495632
1762758281.635008,-1.964749,0.305993,-1.495766
1762758281.672785,-1.964504,0.305315,-1.495473
1762758281.707597,-1.963954,0.303569,-1.495889
1762758281.743475,-1.963910,0.302576,-1.495640
1762758281.790538,-1.964392,0.300392,-1.495894
1762758281.819104,-1.964371,0.300221,-1.495856
1762758281.864140,-1.965006,0.301496,-1.495651
1762758281.895156,-1.964467,0.299737,-1.495233
1762758281.936917,-1.964438,0.298576,-1.495552
1762758281.976110,-1.964578,0.299187,-1.495868
1762758282.026570,-1.964470,0.300530,-1.495600
1762758282.069217,-1.964594,0.300849,-1.495858
1762758282.100952,-1.963997,0.300365,-1.495796
1762758282.141133,-1.963966,0.299944,-1.495779
1762758282.177888,-1.963862,0.298000,-1.496023
1762758282.224729,-1.963755,0.296276,-1.495347
1762758282.257178,-1.964523,0.297381,-1.495178
1762758282.294188,-1.965100,0.295873,-1.494236
1762758282.331143,-1.965838,0.296040,-1.494462
1762758282.374643,-1.966444,0.298314,-1.494509
1762758282.411579,-1.967103,0.302822,-1.493975
1762758282.451751,-1.966780,0.302945,-1.493446
1762758282.494486,-1.967480,0.305407,-1.493078
1762758282.537948,-1.967772,0.310680,-1.493769
1762758282.567689,-1.968143,0.313827,-1.493530
1762758282.611667,-1.968397,0.317747,-1.493696
1762758282.656661,-1.968604,0.321422,-1.493255
1762758282.682651,-1.968431,0.323714,-1.493141
1762758282.720989,-1.968384,0.325604,-1.493057
1762758282.758403,-1.968588,0.329149,-1.493377
1762758282.812044,-1.969512,0.334598,-1.492605
1762758282.829233,-1.969526,0.337511,-1.492750
1762758282.874087,-1.967963,0.335293,-1.493336
1762758282.905105,-1.967770,0.337012,-1.493198
1762758282.951863,-1.968776,0.344360,-1.492201
1762758282.983800,-1.968762,0.345811,-1.491838
1762758283.025383,-1.968356,0.346855,-1.491816
1762758283.063476,-1.968083,0.349707,-1.491676
1762758283.099399,-1.968007,0.350955,-1.491670
1762758283.145561,-1.967801,0.353783,-1.491683
1762758283.181216,-1.968254,0.357810,-1.491222
1762758283.379818,-1.968125,0.361055,-1.491477
1762758283.424612,-1.967832,0.362510,-1.491406
1762758283.459347,-1.967581,0.364897,-1.491427
1762758283.520379,-1.968012,0.368600,-1.491054
1762758283.536623,-1.967405,0.370127,-1.490670
1762758283.587816,-1.967348,0.373107,-1.490405
1762758283.634009,-1.967992,0.379534,-1.491132
1762758283.668465,-1.966962,0.378711,-1.491551
1762758283.718848,-1.966676,0.381756,-1.491918
1762758283.756574,-1.967091,0.387123,-1.490936
1762758283.790973,-1.966220,0.388629,-1.490536
1762758283.828573,-1.966730,0.393977,-1.489740
1762758283.864544,-1.966929,0.398916,-1.490412
1762758283.895544,-1.966242,0.398729,-1.490530
1762758283.946140,-1.966531,0.403758,-1.491176
1762758283.977746,-1.967299,0.407312,-1.490799
1762758284.019398,-1.966884,0.409442,-1.490588
1762758284.062156,-1.967163,0.411326,-1.490428
1762758284.101143,-1.967383,0.413487,-1.490211
1762758284.144182,-1.967225,0.414825,-1.489981
1762758284.187027,-1.966459,0.417559,-1.489967
1762758284.218402,-1.966482,0.420169,-1.489817
1762758284.250063,-1.966105,0.421780,-1.489595
1762758284.298044,-1.965932,0.421407,-1.489930
1762758284.333794,-1.966285,0.425799,-1.490394
1762758284.363369,-1.965861,0.426854,-1.490378
1762758284.477921,-1.965961,0.429917,-1.490465
1762758284.499273,-1.967174,0.436016,-1.489515
1762758284.524227,-1.967499,0.440731,-1.490084
1762758284.540692,-1.967230,0.441001,-1.490353
1762758284.564580,-1.966791,0.441395,-1.489760
1762758284.590447,-1.966865,0.443642,-1.489620
1762758284.634611,-1.967241,0.447337,-1.489860
1762758284.676843,-1.966902,0.447712,-1.489986
1762758284.717403,-1.966543,0.449921,-1.489949
1762758284.758895,-1.966465,0.451898,-1.489818
1762758284.799689,-1.967034,0.456469,-1.490337
1762758284.832156,-1.967146,0.458821,-1.490252
1762758284.871225,-1.966736,0.460321,-1.489984
1762758284.914494,-1.967109,0.463948,-1.489553
1762758284.961890,-1.968158,0.470296,-1.490670
1762758284.987146,-1.967631,0.470122,-1.490860
1762758285.028416,-1.967391,0.471876,-1.490651
1762758285.071866,-1.967239,0.472008,-1.490910
1762758285.107409,-1.967066,0.475037,-1.490993
1762758285.148648,-1.966201,0.475346,-1.491165
1762758285.189605,-1.966029,0.477516,-1.491123
1762758285.225465,-1.965667,0.479082,-1.490980
1762758285.276525,-1.966488,0.483697,-1.491801
1762758285.295561,-1.966157,0.484387,-1.492065
1762758285.345501,-1.965088,0.487192,-1.492004
1762758285.399567,-1.965141,0.489121,-1.491930
1762758285.451759,-1.965730,0.494403,-1.492754
1762758285.521642,-1.966246,0.498387,-1.492113
1762758285.539878,-1.966204,0.501723,-1.492102
1762758285.590403,-1.964919,0.498607,-1.492967
1762758285.625653,-1.965527,0.504131,-1.493673
1762758285.673017,-1.965413,0.506981,-1.493214
1762758285.697456,-1.965705,0.511550,-1.493786
1762758285.756935,-1.966015,0.517126,-1.493076
1762758285.785876,-1.965419,0.519784,-1.493095
1762758285.833761,-1.965375,0.522244,-1.492702
1762758285.867588,-1.965996,0.525221,-1.493187
1762758285.903288,-1.965561,0.523810,-1.493511
1762758285.941115,-1.965750,0.523282,-1.493559
1762758285.973210,-1.965863,0.523429,-1.493596
1762758286.014352,-1.966640,0.525525,-1.494048
1762758286.056652,-1.966625,0.525760,-1.494080
1762758286.095764,-1.966882,0.527430,-1.494461
1762758286.146034,-1.967533,0.530812,-1.493958
1762758286.175718,-1.967123,0.529099,-1.493452
1762758286.208555,-1.966903,0.526425,-1.493805
1762758286.241182,-1.967077,0.527218,-1.494024
1762758286.287332,-1.967685,0.530846,-1.493293
1762758286.317731,-1.967619,0.531132,-1.493332
1762758286.356099,-1.967343,0.529618,-1.493524
1762758286.395008,-1.967211,0.529969,-1.493601
1762758286.435817,-1.967301,0.531606,-1.493389
1762758286.467961,-1.967286,0.531390,-1.493261
1762758286.512405,-1.967024,0.530077,-1.493474
1762758286.550505,-1.966562,0.528901,-1.493077
1762758286.598553,-1.967249,0.530506,-1.492780
1762758286.635848,-1.968330,0.534383,-1.493955
1762758286.670554,-1.969194,0.537176,-1.493458
1762758286.706193,-1.970222,0.538957,-1.494028
1762758286.740281,-1.970902,0.542067,-1.493529
1762758286.773482,-1.969568,0.542325,-1.493550
1762758286.815260,-1.968239,0.545165,-1.493140
1762758286.852975,-1.963666,0.545904,-1.493227
1762758286.883856,-1.959133,0.546650,-1.493168
1762758286.945073,-1.953840,0.547720,-1.493571
1762758286.971287,-1.948496,0.547983,-1.493590
1762758286.999910,-1.942258,0.548146,-1.493481
1762758287.040743,-1.937237,0.548092,-1.493471
1762758287.091765,-1.930562,0.549145,-1.493529
1762758287.118537,-1.925632,0.548835,-1.493502
1762758287.157785,-1.920170,0.549927,-1.493718
1762758287.185259,-1.915497,0.550542,-1.493821
1762758287.237477,-1.909620,0.550653,-1.493671
1762758287.273084,-1.904281,0.550069,-1.493808
1762758287.327792,-1.897323,0.550860,-1.493586
1762758287.346476,-1.892556,0.551681,-1.493436
1762758287.387763,-1.886530,0.551832,-1.493141
1762758287.424735,-1.881944,0.553583,-1.492897
1762758287.472018,-1.875229,0.554208,-1.493033
1762758287.500307,-1.870295,0.553094,-1.493193
1762758287.540082,-1.865057,0.556780,-1.493959
1762758287.588418,-1.860323,0.558186,-1.493716
1762758287.615186,-1.854121,0.557592,-1.493231
1762758287.649650,-1.848975,0.557206,-1.493270
1762758287.698210,-1.842463,0.557589,-1.493068
1762758287.753063,-1.838122,0.559379,-1.492784
1762758287.772012,-1.832587,0.560568,-1.492767
1762758287.823795,-1.827995,0.562798,-1.492357
1762758287.870843,-1.820668,0.564658,-1.492435
1762758287.905013,-1.815080,0.565519,-1.492498
1762758287.956764,-1.806244,0.565730,-1.492238
1762758287.985806,-1.800451,0.567528,-1.492225
1762758288.033060,-1.795089,0.570084,-1.492617
1762758288.068609,-1.788974,0.570022,-1.492696
1762758288.099791,-1.782835,0.570604,-1.492428
1762758288.151088,-1.778084,0.571853,-1.492044
1762758288.191666,-1.771410,0.572126,-1.491959
1762758288.222536,-1.765420,0.572669,-1.491928
1762758288.271399,-1.758288,0.573608,-1.492002
1762758288.309831,-1.752852,0.573166,-1.492433
1762758288.340641,-1.746400,0.572597,-1.491950
1762758288.374702,-1.740541,0.571221,-1.492308
1762758288.407440,-1.734585,0.572632,-1.492149
1762758288.445719,-1.729150,0.572406,-1.492066
1762758288.496744,-1.723460,0.574594,-1.492359
1762758288.533717,-1.718374,0.573677,-1.492469
1762758288.569353,-1.712806,0.575440,-1.492914
1762758288.600016,-1.708182,0.576268,-1.492758
1762758288.645062,-1.702691,0.577745,-1.492859
1762758288.679480,-1.697609,0.578501,-1.493072
1762758288.723002,-1.690419,0.578527,-1.492602
1762758288.757795,-1.685751,0.579960,-1.492279
1762758288.795999,-1.679717,0.580389,-1.492489
1762758288.840556,-1.674944,0.582246,-1.492443
1762758288.882791,-1.669254,0.582108,-1.492144
1762758288.930027,-1.663524,0.583916,-1.492028
1762758288.971766,-1.656950,0.586030,-1.492576
1762758289.225197,-1.651240,0.587050,-1.492398
1762758289.245712,-1.639509,0.588748,-1.492835
1762758289.273952,-1.633608,0.591811,-1.493578
1762758289.300798,-1.628855,0.592634,-1.493511
1762758289.320058,-1.623197,0.593341,-1.493704
1762758289.343640,-1.618583,0.595315,-1.493459
1762758289.370828,-1.612902,0.594688,-1.492682
1762758289.403020,-1.608169,0.595009,-1.492743
1762758289.437485,-1.603024,0.595641,-1.492985
1762758289.459218,-1.597548,0.597322,-1.492815
1762758289.477761,-1.591707,0.598054,-1.492611
1762758289.500925,-1.586286,0.595616,-1.493005
1762758289.519517,-1.580843,0.596714,-1.493247
1762758289.538296,-1.576750,0.599292,-1.492748
1762758289.566320,-1.569800,0.597093,-1.491813
1762758289.601982,-1.564593,0.597668,-1.491845
1762758289.635588,-1.559675,0.600920,-1.492859
1762758289.682995,-1.554102,0.599810,-1.493140
1762758289.716330,-1.548398,0.599919,-1.492850
1762758289.767091,-1.542753,0.600724,-1.492748
1762758289.795524,-1.537337,0.600240,-1.492498
1762758289.836971,-1.531757,0.600954,-1.492319
1762758289.900483,-1.526218,0.601654,-1.492669
1762758289.924211,-1.520936,0.603571,-1.492465
1762758289.938776,-1.515756,0.604063,-1.492341
1762758289.982750,-1.509559,0.601201,-1.492876
1762758290.011357,-1.503823,0.601854,-1.492725
1762758290.059803,-1.498590,0.601608,-1.492731
1762758290.105993,-1.493159,0.601203,-1.492493
1762758290.142845,-1.488595,0.602317,-1.492450
1762758290.568254,-1.482787,0.603496,-1.492702
1762758290.594716,-1.440739,0.608496,-1.491921
1762758290.609420,-1.435417,0.608748,-1.491957
1762758290.627547,-1.429442,0.610289,-1.491855
1762758290.649545,-1.424181,0.612326,-1.491629
1762758290.671395,-1.418960,0.611313,-1.491088
1762758290.689361,-1.413486,0.610472,-1.491282
1762758290.707842,-1.407927,0.612095,-1.491033
1762758290.729434,-1.402252,0.610999,-1.491157
1762758290.751810,-1.396115,0.610263,-1.491043
1762758290.770032,-1.391097,0.610521,-1.491195
1762758290.799852,-1.381853,0.610668,-1.490464
1762758290.833912,-1.375786,0.613169,-1.490426
1762758290.870388,-1.369144,0.611558,-1.489362
1762758290.904889,-1.364284,0.613889,-1.489094
1762758290.951351,-1.358721,0.614963,-1.489676
1762758290.982077,-1.354046,0.616472,-1.489607
1762758291.026306,-1.347763,0.614714,-1.488823
1762758291.063111,-1.342571,0.613080,-1.489030
1762758291.104749,-1.337027,0.614763,-1.489606
1762758291.133740,-1.331693,0.615867,-1.489391
1762758291.167576,-1.326349,0.616276,-1.489217
1762758291.428257,-1.321228,0.616540,-1.489252
1762758291.455936,-1.310009,0.620021,-1.490450
1762758291.478937,-1.304344,0.620522,-1.490035
1762758291.512385,-1.298767,0.621328,-1.489989
1762758291.533458,-1.293156,0.622405,-1.489845
1762758291.558186,-1.287982,0.623656,-1.489918
1762758291.800106,-1.280769,0.623680,-1.489405
1762758291.825697,-1.250796,0.626517,-1.489598
1762758291.847779,-1.245808,0.628641,-1.490190
1762758291.865871,-1.240713,0.629950,-1.490266
1762758291.887652,-1.233384,0.628915,-1.489286
1762758291.905946,-1.228680,0.628970,-1.489388
1762758291.931404,-1.222019,0.629107,-1.489069
1762758291.953358,-1.216895,0.630037,-1.488881
1762758291.978917,-1.211160,0.629148,-1.488557
1762758291.997544,-1.206589,0.631889,-1.488292
1762758292.028810,-1.199003,0.631607,-1.487552
1762758292.049588,-1.194088,0.632453,-1.487443
1762758292.101273,-1.187345,0.633135,-1.487806
1762758292.126302,-1.182333,0.634099,-1.487736
1762758292.166969,-1.176860,0.634761,-1.487947
1762758292.204976,-1.172378,0.635950,-1.487892
1762758292.253595,-1.167204,0.639177,-1.489097
1762758292.285258,-1.161852,0.638307,-1.489363
1762758292.323869,-1.156322,0.636700,-1.489045
1762758292.360999,-1.150609,0.638110,-1.488881
1762758292.393767,-1.145513,0.637414,-1.489107
1762758292.441320,-1.141097,0.639678,-1.488786
1762758292.475863,-1.134871,0.637777,-1.487005
1762758292.506058,-1.130014,0.637545,-1.487011
1762758292.549607,-1.123039,0.636603,-1.486296
1762758292.581778,-1.116926,0.637025,-1.486285
1762758292.625875,-1.111251,0.638300,-1.486589
1762758292.647892,-1.105980,0.638906,-1.486557
1762758292.692538,-1.099352,0.637527,-1.485275
1762758292.724980,-1.094013,0.637523,-1.485362
1762758292.760643,-1.088535,0.637927,-1.485089
1762758292.804515,-1.082834,0.638173,-1.485232
1762758292.857132,-1.074268,0.638570,-1.484737
1762758292.972976,-1.068208,0.636093,-1.485105
1762758293.013447,-1.062598,0.637533,-1.485625
1762758293.055920,-1.056934,0.635665,-1.486058
1762758293.078319,-1.051086,0.635273,-1.485215
1762758293.097063,-1.045353,0.635801,-1.485231
1762758293.123294,-1.036755,0.635832,-1.484875
1762758293.142806,-1.031549,0.635899,-1.484936
1762758293.160925,-1.025289,0.637963,-1.485290
1762758293.183894,-1.019951,0.637548,-1.485266
1762758293.230321,-1.013739,0.638708,-1.485460
1762758293.252745,-1.008361,0.639718,-1.485449
1762758293.316920,-1.002279,0.640756,-1.485610
1762758293.335254,-0.996972,0.641099,-1.485667
1762758293.365932,-0.991265,0.642130,-1.485635
1762758293.400924,-0.986300,0.642757,-1.485497
1762758293.435341,-0.983167,0.642496,-1.485083
1762758293.468796,-0.982304,0.641686,-1.485217
1762758293.512419,-0.981846,0.641049,-1.485256
1762758293.552747,-0.980796,0.639873,-1.485356
1762758293.578369,-0.980504,0.639860,-1.485379
1762758293.623456,-0.980621,0.639680,-1.485319
1762758293.872926,-0.980121,0.639032,-1.484909
1762758293.887797,-0.979826,0.639656,-1.484894
1762758293.905871,-0.980046,0.641286,-1.484659
1762758293.924019,-0.980545,0.643494,-1.485960
1762758293.942258,-0.980508,0.643295,-1.486065
1762758294.189402,-0.980288,0.644735,-1.486907
1762758294.209007,-0.980111,0.645042,-1.486447
1762758294.232199,-0.979584,0.643443,-1.486592
1762758294.254880,-0.979402,0.644129,-1.487391
1762758294.271989,-0.979333,0.643707,-1.487477
1762758294.287717,-0.979053,0.643493,-1.487184
1762758294.311924,-0.979227,0.645537,-1.486856
1762758294.560438,-0.978718,0.645777,-1.487069
1762758294.581503,-0.978701,0.647034,-1.486750
1762758294.600523,-0.979058,0.648921,-1.486517
1762758294.618932,-0.979179,0.648080,-1.485938
1762758294.642073,-0.978824,0.645746,-1.486079
1762758294.660558,-0.978907,0.647020,-1.486758
1762758294.679006,-0.979368,0.645483,-1.486901
1762758294.724353,-0.979523,0.642522,-1.485646
1762758294.742743,-0.980421,0.641973,-1.485519
1762758294.765481,-0.980680,0.641587,-1.487016
1762758294.783749,-0.981179,0.638666,-1.487191
1762758294.818182,-0.980857,0.633897,-1.486309
1762758294.840430,-0.981074,0.632595,-1.486379
1762758294.858605,-0.981119,0.629276,-1.487003
1762758294.898644,-0.982263,0.630875,-1.486746
1762758294.931766,-0.981731,0.627387,-1.486933
1762758294.977870,-0.981559,0.622644,-1.487439
1762758295.016407,-0.981294,0.618683,-1.486701
1762758295.048023,-0.982134,0.620418,-1.486446
1762758295.082173,-0.982378,0.617653,-1.486921
1762758295.119058,-0.982640,0.617158,-1.486997
1762758295.148374,-0.982443,0.611450,-1.486025
1762758295.189995,-0.982969,0.610515,-1.486039
1762758295.227040,-0.982590,0.607748,-1.486682
1762758295.266176,-0.983902,0.610202,-1.486254
1762758295.310099,-0.983566,0.605297,-1.485605
1762758295.347928,-0.983625,0.604950,-1.485644
1762758295.377680,-0.983230,0.602283,-1.485983
1762758295.452639,-0.983679,0.602343,-1.485866
1762758295.483201,-0.983085,0.597452,-1.485316
1762758295.519117,-0.983512,0.597640,-1.485263
1762758295.566009,-0.983898,0.594544,-1.485553
1762758295.602015,-0.984103,0.591380,-1.485704
1762758295.620313,-0.983775,0.588342,-1.485786
1762758295.642139,-0.983445,0.584840,-1.486131
1762758295.670154,-0.983363,0.582685,-1.486880
1762758295.933093,-0.984020,0.583731,-1.486785
1762758295.959538,-0.983396,0.577359,-1.486754
1762758295.978151,-0.982687,0.572407,-1.486213
1762758295.996909,-0.983259,0.573508,-1.485950
1762758296.018911,-0.983015,0.571452,-1.486823
1762758296.043119,-0.983233,0.570632,-1.486960
1762758296.069648,-0.982333,0.565524,-1.485810
1762758296.309870,-0.982577,0.565516,-1.485680
1762758296.337591,-0.982646,0.556020,-1.486526
1762758296.358020,-0.982366,0.552398,-1.486274
1762758296.378672,-0.982147,0.549960,-1.486384
1762758296.402966,-0.982060,0.548311,-1.487437
1762758296.647226,-0.981844,0.545197,-1.487761
1762758296.697797,-0.981798,0.535161,-1.486601
1762758296.734806,-0.982022,0.530157,-1.488634
1762758296.764776,-0.982012,0.524505,-1.487556
1762758296.785523,-0.982957,0.527541,-1.487075
1762758296.813398,-0.982175,0.522539,-1.486376
1762758296.835558,-0.982324,0.519088,-1.486795
1762758296.855304,-0.982050,0.517227,-1.487560
1762758296.873845,-0.982598,0.517550,-1.487432
1762758296.895416,-0.982437,0.512145,-1.486297
1762758296.924246,-0.982461,0.508767,-1.486675
1762758296.942442,-0.981679,0.505806,-1.486914
1762758296.964685,-0.981889,0.502959,-1.487201
1762758296.992535,-0.981745,0.496781,-1.485942
1762758297.007051,-0.981989,0.496424,-1.485948
1762758297.047897,-0.981551,0.491983,-1.485529
1762758297.094815,-0.982637,0.493276,-1.485383
1762758297.129581,-0.982448,0.490497,-1.486337
1762758297.168023,-0.983044,0.489392,-1.486394
1762758297.206757,-0.982748,0.484939,-1.486141
1762758297.250223,-0.983055,0.482399,-1.486310
1762758297.293617,-0.982664,0.480290,-1.487161
1762758297.336485,-0.983442,0.481529,-1.487013
1762758297.368633,-0.983221,0.479072,-1.487498
1762758297.629811,-0.984001,0.478536,-1.487457
1762758297.656424,-0.983755,0.472851,-1.487936
1762758297.698279,-0.983389,0.470885,-1.489053
1762758297.712359,-0.984627,0.471196,-1.488865
1762758297.946938,-0.984579,0.467741,-1.489288
1762758297.972742,-0.984369,0.453898,-1.490210
1762758297.990792,-0.984272,0.450646,-1.490332
1762758298.008440,-0.985660,0.453595,-1.489871
1762758298.037499,-0.985573,0.449043,-1.489420
1762758298.055530,-0.986343,0.449758,-1.489278
1762758298.072614,-0.986189,0.446327,-1.489473
1762758298.090235,-0.986309,0.444119,-1.489655
1762758298.107958,-0.986299,0.441815,-1.490335
1762758298.129476,-0.986119,0.438894,-1.490635
1762758298.150820,-0.986336,0.438217,-1.492258
1762758298.173836,-0.986178,0.435795,-1.492488
1762758298.243451,-0.985905,0.430534,-1.491462
1762758298.257368,-0.986597,0.430870,-1.491355
1762758298.289645,-0.986324,0.427862,-1.490967
1762758298.327292,-0.987330,0.428761,-1.490783
1762758298.376205,-0.987118,0.425434,-1.490708
1762758298.400259,-0.987023,0.424264,-1.490707
1762758298.444802,-0.986104,0.419584,-1.489846
1762758298.476987,-0.986110,0.418087,-1.490014
1762758298.522874,-0.986329,0.414777,-1.489953
1762758298.546534,-0.986407,0.412647,-1.490164
1762758298.599252,-0.986414,0.410665,-1.490971
1762758298.633399,-0.986535,0.409278,-1.491013
1762758298.670267,-0.986222,0.405540,-1.490676
1762758298.705428,-0.986588,0.403747,-1.490753
1762758298.741518,-0.986246,0.400917,-1.491276
1762758298.773640,-0.986227,0.398323,-1.491583
1762758298.830577,-0.985136,0.393620,-1.490908
1762758298.849293,-0.985518,0.396167,-1.490692
1762758298.886292,-0.985297,0.394029,-1.491248
1762758298.922205,-0.985443,0.392075,-1.491330
1762758298.967217,-0.985345,0.388975,-1.491753
1762758299.000525,-0.984875,0.385183,-1.492131
1762758299.033979,-0.985029,0.382485,-1.492643
1762758299.079067,-0.984993,0.380358,-1.492856
1762758299.113120,-0.984626,0.375165,-1.491839
1762758299.364321,-0.985750,0.377458,-1.491639
1762758299.404987,-0.984465,0.368310,-1.492188
1762758299.425021,-0.984068,0.364783,-1.492122
1762758299.443261,-0.984880,0.366082,-1.491886
1762758299.492192,-0.984733,0.361248,-1.490227
1762758299.509908,-0.985047,0.360733,-1.490239
1762758299.541339,-0.984859,0.355543,-1.489282
1762758299.558447,-0.985400,0.355097,-1.489269
1762758299.576221,-0.984853,0.351846,-1.489376
1762758299.594178,-0.985893,0.353983,-1.489125
1762758299.608914,-0.985852,0.350564,-1.489648
1762758299.638415,-0.985239,0.346081,-1.489966
1762758299.661119,-0.985118,0.344368,-1.490874
1762758299.675230,-0.985585,0.342305,-1.490994
1762758299.700780,-0.985241,0.339293,-1.491237
1762758299.740966,-0.985219,0.337504,-1.491378
1762758299.767345,-0.985361,0.334265,-1.491661
1762758299.816319,-0.986815,0.338200,-1.491167
1762758299.848927,-0.986284,0.333756,-1.490673
1762758299.920742,-0.986941,0.335101,-1.490545
1762758299.942248,-0.987010,0.330458,-1.489829
1762758299.959396,-0.987864,0.331393,-1.489618
1762758300.007699,-0.987284,0.327230,-1.489094
1762758300.034180,-0.987012,0.323720,-1.489472
1762758300.076334,-0.986962,0.317544,-1.488276
1762758300.107309,-0.987393,0.319773,-1.487960
1762758300.147500,-0.987259,0.317507,-1.488263
1762758300.186553,-0.987280,0.314834,-1.488541
1762758300.225441,-0.987192,0.310831,-1.488366
1762758300.264872,-0.987955,0.311051,-1.488246
1762758300.510665,-0.987726,0.306153,-1.487629
1762758300.541050,-0.987607,0.298029,-1.488362
1762758300.558820,-0.988079,0.297802,-1.488347
1762758300.580467,-0.988060,0.293993,-1.488559
1762758300.812317,-0.988753,0.292897,-1.488669
1762758300.840770,-0.988671,0.274721,-1.488846
1762758300.857754,-0.988998,0.272980,-1.488997
1762758300.871144,-0.988909,0.271014,-1.490170
1762758300.888709,-0.989388,0.271029,-1.490077
1762758300.913685,-0.989497,0.266994,-1.489529
1762758300.930995,-0.990681,0.267922,-1.489358
1762758300.959681,-0.990718,0.264549,-1.488891
1762758300.981600,-0.990902,0.264006,-1.488889
1762758301.006832,-0.990001,0.260378,-1.488463
1762758301.028135,-0.989956,0.256868,-1.488805
1762758301.045483,-0.990458,0.253913,-1.489007
1762758301.285816,-0.990155,0.249644,-1.489420
1762758301.312919,-0.990152,0.248257,-1.490309
1762758301.330211,-0.989712,0.245773,-1.490926
1762758301.571375,-0.989818,0.244126,-1.491042
1762758301.606265,-0.989085,0.226704,-1.492711
1762758301.632661,-0.988381,0.220195,-1.491276
1762758301.654551,-0.989548,0.223151,-1.490878
1762758301.672859,-0.989284,0.221187,-1.491223
1762758301.691493,-0.989180,0.218974,-1.491452
1762758301.719786,-0.988824,0.216626,-1.491904
1762758301.752209,-0.988988,0.215017,-1.492071
1762758301.769872,-0.988985,0.213089,-1.492811
1762758301.783873,-0.989697,0.212808,-1.492796
1762758301.809516,-0.989520,0.210562,-1.493300
1762758301.828347,-0.989747,0.210885,-1.493237
1762758301.847588,-0.990048,0.208679,-1.493957
1762758301.877303,-0.990588,0.208067,-1.493945
1762758301.929013,-0.991007,0.206857,-1.495088
1762758301.969434,-0.991095,0.203321,-1.495443
1762758302.002809,-0.991286,0.200116,-1.495574
1762758302.039585,-0.991665,0.199738,-1.495535
1762758302.081242,-0.991419,0.194321,-1.494552
1762758302.111435,-0.991568,0.193839,-1.494643
1762758302.162376,-0.990553,0.190754,-1.494651
1762758302.206760,-0.990997,0.190618,-1.494611
1762758302.262244,-0.991013,0.190029,-1.496346
1762758302.283404,-0.991454,0.191413,-1.496196
1762758302.346470,-0.991411,0.184919,-1.495006
1762758302.380694,-0.992053,0.184923,-1.494912
1762758302.425264,-0.992517,0.183294,-1.495851
1762758302.460839,-0.993155,0.183300,-1.495831
1762758302.511053,-0.992862,0.179117,-1.495770
1762758302.531896,-0.993352,0.177814,-1.495873
1762758302.786452,-0.993065,0.173975,-1.496081
1762758302.811696,-0.992228,0.166424,-1.496171
1762758302.833191,-0.992976,0.166256,-1.496087
1762758302.855504,-0.993626,0.163145,-1.496065
1762758302.873042,-0.993618,0.159387,-1.496408
1762758303.100877,-0.993751,0.155332,-1.496105
1762758303.127215,-0.994524,0.141799,-1.495135
1762758303.146224,-0.994606,0.137722,-1.495203
1762758303.242380,-0.995169,0.138088,-1.495158
1762758303.267339,-0.993686,0.136532,-1.496126
1762758303.284557,-0.994036,0.135406,-1.496116
1762758303.313105,-0.994818,0.132455,-1.495689
1762758303.329931,-0.995381,0.132021,-1.495660
1762758303.390684,-0.995508,0.127072,-1.495020
1762758303.407587,-0.996069,0.125964,-1.495033
1762758303.632088,-0.996384,0.122279,-1.494444
1762758303.857450,-0.996728,0.109960,-1.495048
1762758303.889756,-0.996831,0.089602,-1.494802
1762758303.914306,-0.996705,0.087926,-1.494969
1762758303.927619,-0.996362,0.085035,-1.495422
1762758303.944407,-0.996265,0.081786,-1.495779
1762758304.171049,-0.996336,0.078043,-1.495725
1762758304.199095,-0.996531,0.071834,-1.497094
1762758304.216265,-0.997225,0.072135,-1.496976
1762758304.233227,-0.996878,0.068159,-1.496975
1762758304.250827,-0.996688,0.064521,-1.497305
1762758304.275269,-0.996079,0.058934,-1.496117
1762758304.499346,-0.996595,0.059353,-1.496030
1762758304.549823,-0.996636,0.050166,-1.496278
1762758304.776153,-0.997120,0.043352,-1.495634
1762758304.807836,-0.996467,0.023262,-1.495746
1762758304.832639,-0.995944,0.020268,-1.496286
1762758304.849994,-0.996959,0.021536,-1.496059
1762758304.877812,-0.995578,0.017486,-1.495866
1762758304.894843,-0.995630,0.015068,-1.496067
1762758304.911787,-0.995556,0.013078,-1.496912
1762758304.928456,-0.995716,0.011917,-1.497018
1762758304.945432,-0.995159,0.009077,-1.497635
1762758304.962303,-0.995318,0.007886,-1.497731
1762758304.979465,-0.995725,0.003755,-1.497541
1762758305.008404,-0.995672,0.000716,-1.497838
1762758305.047124,-0.995513,-0.003399,-1.497741
1762758305.077913,-0.996143,-0.002686,-1.497570
1762758305.114961,-0.996041,-0.005464,-1.497705
1762758305.166919,-0.996698,-0.005446,-1.497667
1762758305.210870,-0.995697,-0.008151,-1.498093
1762758305.393896,-0.995924,-0.010256,-1.498284
1762758305.414902,-0.995507,-0.013241,-1.498534
1762758305.437574,-0.995719,-0.014683,-1.498674
1762758305.457248,-0.996220,-0.018897,-1.498389
1762758305.474485,-0.995939,-0.021986,-1.498705
1762758305.491949,-0.995991,-0.027778,-1.497569
1762758305.717183,-0.996181,-0.030054,-1.497783
1762758305.750057,-0.997098,-0.037981,-1.497272
1762758305.768730,-0.997602,-0.039519,-1.497363
1762758305.787645,-0.997808,-0.044242,-1.496996
1762758305.805314,-0.998281,-0.044942,-1.497021
1762758306.031457,-0.998858,-0.051049,-1.495582
1762758306.052574,-1.000579,-0.058751,-1.495375
1762758306.067124,-1.000990,-0.058526,-1.495296
1762758306.088210,-1.000678,-0.063361,-1.495096
1762758306.111236,-1.000596,-0.066091,-1.495370
1762758306.133578,-1.000829,-0.069676,-1.494807
1762758306.147231,-1.001486,-0.069702,-1.494739
1762758306.164862,-1.001569,-0.073577,-1.494838
1762758306.193300,-1.001511,-0.077644,-1.495193
1762758306.214059,-1.000636,-0.079780,-1.495763
1762758306.440664,-1.001441,-0.078808,-1.495563
1762758306.480755,-0.999165,-0.089987,-1.496569
1762758306.502816,-0.998880,-0.091288,-1.497514
1762758306.524940,-0.999642,-0.090845,-1.497399
1762758306.565001,-0.999720,-0.094387,-1.497573
1762758306.582542,-1.000671,-0.091172,-1.497199
1762758306.599811,-1.000362,-0.094891,-1.496697
1762758306.620838,-1.000236,-0.098347,-1.497011
1762758306.641691,-0.999635,-0.101834,-1.497231
1762758306.658854,-0.999782,-0.102048,-1.497246
1762758306.672432,-1.000085,-0.106233,-1.496995
1762758306.908602,-1.000458,-0.105272,-1.496860
1762758306.925954,-0.999926,-0.109170,-1.496800
1762758307.150436,-0.999885,-0.111909,-1.497086
1762758307.178657,-1.000005,-0.128533,-1.497605
1762758307.199540,-1.000435,-0.134527,-1.496297
1762758307.224392,-1.000147,-0.139229,-1.496733
1762758307.241832,-1.000302,-0.142500,-1.496761
1762758307.473823,-1.001029,-0.140210,-1.496515
1762758307.500205,-1.001468,-0.157125,-1.495993
1762758307.515018,-1.001750,-0.157700,-1.496026
1762758307.539955,-1.001716,-0.158202,-1.497643
1762758307.557915,-1.002136,-0.158096,-1.497580
1762758307.787934,-1.002428,-0.162569,-1.496924
1762758307.809915,-1.002690,-0.174365,-1.497550
1762758307.846565,-1.002279,-0.176929,-1.497849
1762758307.864753,-1.002884,-0.181881,-1.497398
1762758307.889925,-1.004006,-0.179167,-1.497041
1762758307.922874,-1.003570,-0.182717,-1.497265
1762758307.940384,-1.004197,-0.183694,-1.497307
1762758307.957914,-1.004925,-0.188048,-1.496958
1762758307.975227,-1.004904,-0.189991,-1.497136
1762758307.993079,-1.005223,-0.192112,-1.497556
1762758308.018957,-1.005719,-0.192571,-1.497565
1762758308.041253,-1.005823,-0.194112,-1.498485
1762758308.066631,-1.006183,-0.195359,-1.498583
1762758308.102370,-1.006587,-0.198166,-1.498982
1762758308.139579,-1.006201,-0.203263,-1.499438
1762758308.177138,-1.005798,-0.206749,-1.499678
1762758308.217856,-1.006107,-0.207556,-1.499755
1762758308.251136,-1.006320,-0.211784,-1.499595
1762758308.288909,-1.006878,-0.212448,-1.499609
1762758308.543479,-1.006972,-0.212054,-1.501178
1762758308.772860,-1.007162,-0.213227,-1.501266
1762758308.996721,-1.009057,-0.231019,-1.500848
1762758309.021902,-1.010296,-0.242878,-1.500500
1762758309.039589,-1.011098,-0.242073,-1.500363
1762758309.060706,-1.011047,-0.245189,-1.500297
1762758309.081165,-1.010782,-0.249850,-1.500707
1762758309.098749,-1.009824,-0.254056,-1.500564
1762758309.326919,-1.011063,-0.249624,-1.500080
1762758309.351354,-1.011686,-0.263537,-1.500602
1762758309.372574,-1.012965,-0.260162,-1.500126
1762758309.395624,-1.013831,-0.265827,-1.499109
1762758309.416956,-1.014188,-0.265483,-1.499092
1762758309.441431,-1.013379,-0.266852,-1.500223
1762758309.469723,-1.013204,-0.271395,-1.500590
1762758309.486761,-1.013270,-0.274702,-1.500668
1762758309.500490,-1.013400,-0.275612,-1.500757
1762758309.517711,-1.013799,-0.278430,-1.500905
1762758309.535168,-1.013854,-0.280297,-1.501025
1762758309.552285,-1.014535,-0.282824,-1.501384
1762758309.580922,-1.015325,-0.283317,-1.501315
1762758309.629767,-1.015611,-0.287941,-1.500450
1762758309.668240,-1.015321,-0.291450,-1.500789
1762758309.693957,-1.015529,-0.293120,-1.501318
1762758309.739947,-1.016209,-0.292986,-1.501229
1762758309.775785,-1.015366,-0.297311,-1.501367
1762758309.811820,-1.015794,-0.297341,-1.501324
1762758309.848752,-1.015784,-0.301402,-1.501211
1762758309.881100,-1.015900,-0.303298,-1.501405
1762758309.920818,-1.016080,-0.307055,-1.500931
1762758309.961774,-1.016325,-0.305970,-1.500829
1762758310.004038,-1.016238,-0.310777,-1.500411
1762758310.040076,-1.016087,-0.315035,-1.500744
1762758310.075929,-1.015740,-0.317850,-1.500859
1762758310.330300,-1.015872,-0.319424,-1.500952
1762758310.351878,-1.015606,-0.323953,-1.501596
1762758310.581402,-1.014479,-0.327007,-1.502343
1762758310.609313,-1.014654,-0.340407,-1.502965
1762758310.630683,-1.013928,-0.345312,-1.502405
1762758310.649111,-1.014999,-0.343921,-1.502161
1762758310.667116,-1.015641,-0.348219,-1.501941
1762758310.684274,-1.015861,-0.350153,-1.502110
1762758310.705163,-1.016140,-0.354965,-1.501381
1762758310.722792,-1.016223,-0.356087,-1.501569
1762758310.739995,-1.016759,-0.358993,-1.501387
1762758310.757809,-1.017196,-0.360761,-1.501505
1762758310.778772,-1.016883,-0.364060,-1.501681
1762758310.792826,-1.017321,-0.363756,-1.501692
1762758310.838224,-1.016923,-0.366977,-1.501924
1762758310.878206,-1.017188,-0.367932,-1.501960
1762758310.909535,-1.017117,-0.370661,-1.502287
1762758310.951298,-1.018019,-0.370364,-1.502216
1762758310.992176,-1.017730,-0.372905,-1.502497
1762758311.031159,-1.018264,-0.374052,-1.502538
1762758311.073934,-1.018381,-0.381720,-1.500917
1762758311.110660,-1.019155,-0.379791,-1.500770
1762758311.147022,-1.018957,-0.383187,-1.500966
1762758311.200420,-1.019534,-0.383979,-1.501002
1762758311.224899,-1.019905,-0.387838,-1.501097
1762758311.271980,-1.020675,-0.387384,-1.501016
1762758311.311243,-1.020776,-0.391151,-1.500722
1762758311.348626,-1.021746,-0.389876,-1.500517
1762758311.395111,-1.022544,-0.393712,-1.499970
1762758311.415935,-1.022343,-0.395549,-1.500132
1762758311.450595,-1.021527,-0.397990,-1.500647
1762758311.489274,-1.022371,-0.398012,-1.500634
1762758311.543769,-1.022078,-0.403683,-1.499629
1762758311.568258,-1.022987,-0.403178,-1.499446
1762758311.623246,-1.022188,-0.403930,-1.500706
1762758311.640620,-1.022659,-0.404812,-1.500786
1762758311.692263,-1.023318,-0.409310,-1.500095
1762758311.752105,-1.023751,-0.410849,-1.500155
1762758311.769206,-1.024310,-0.411355,-1.501200
1762758311.802407,-1.023816,-0.413414,-1.501461
1762758311.847039,-1.022493,-0.415220,-1.502113
1762758311.872009,-1.022689,-0.416137,-1.502225
1762758311.906662,-1.022596,-0.418458,-1.502709
1762758311.940804,-1.023032,-0.418701,-1.502718
1762758311.981261,-1.022923,-0.422832,-1.502591
1762758312.015277,-1.023039,-0.423459,-1.502597
1762758312.267875,-1.022587,-0.427921,-1.502355
1762758312.300927,-1.021706,-0.435114,-1.502697
1762758312.317812,-1.021371,-0.437565,-1.503036
1762758312.336180,-1.021012,-0.439806,-1.503491
1762758312.353192,-1.021010,-0.441511,-1.503682
1762758312.370597,-1.021647,-0.443946,-1.503864
1762758312.406359,-1.021653,-0.445910,-1.504055
1762758312.427044,-1.021700,-0.450014,-1.504207
1762758312.570172,-1.021545,-0.451418,-1.504400
1762758312.620163,-1.021517,-0.454773,-1.504574
1762758312.634251,-1.022149,-0.455807,-1.504644
1762758312.651566,-1.022023,-0.460065,-1.504298
1762758312.838005,-1.022266,-0.459760,-1.504221
1762758312.859229,-1.023268,-0.465667,-1.504688
1762758312.879959,-1.021986,-0.469219,-1.504658
1762758313.007369,-1.021269,-0.472908,-1.505063
1762758313.043206,-1.022449,-0.475517,-1.503981
1762758313.060839,-1.023142,-0.480241,-1.503451
1762758313.086628,-1.022868,-0.482964,-1.503781
1762758313.104175,-1.021769,-0.485937,-1.504222
1762758313.118127,-1.022358,-0.486181,-1.504135
1762758313.135931,-1.022008,-0.488212,-1.504817
1762758313.306921,-1.022167,-0.488122,-1.504800
1762758313.338808,-1.022812,-0.499209,-1.504093
1762758313.352730,-1.022954,-0.499962,-1.504121
1762758313.373322,-1.023705,-0.503958,-1.503640
1762758313.394719,-1.023844,-0.505958,-1.503835
1762758313.411550,-1.023136,-0.508982,-1.503966
1762758313.432624,-1.023472,-0.510755,-1.504139
1762758313.446285,-1.023823,-0.513924,-1.504314
1762758313.463782,-1.024128,-0.515989,-1.504384
1762758313.488284,-1.023579,-0.518951,-1.504953
1762758313.509303,-1.024306,-0.516327,-1.504636
1762758313.558278,-1.024975,-0.521367,-1.503730
1762758313.584664,-1.024693,-0.526109,-1.504209
1762758313.639820,-1.025276,-0.531471,-1.502957
1762758313.660593,-1.025869,-0.532181,-1.502915
1762758313.687878,-1.025259,-0.533909,-1.503804
1762758313.938551,-1.025695,-0.536058,-1.503995
1762758313.966398,-1.026172,-0.540732,-1.502977
1762758313.983508,-1.026288,-0.542187,-1.503117
1762758314.000587,-1.026216,-0.547125,-1.502898
1762758314.021178,-1.025997,-0.550374,-1.503297
1762758314.045657,-1.026083,-0.555593,-1.502322
1762758314.063117,-1.026536,-0.556910,-1.502433
1762758314.080445,-1.026349,-0.561695,-1.502099
1762758314.111781,-1.026281,-0.564561,-1.502434
1762758314.128895,-1.026023,-0.567754,-1.502891
1762758314.152962,-1.026894,-0.567981,-1.502757
1762758314.169695,-1.027430,-0.572806,-1.502046
1762758314.186797,-1.028070,-0.572601,-1.501899
1762758314.213550,-1.028330,-0.575837,-1.502402
1762758314.256030,-1.028695,-0.577066,-1.502477
1762758314.300305,-1.029442,-0.581731,-1.501861
1762758314.316691,-1.030038,-0.582149,-1.501807
1762758314.361037,-1.029842,-0.586248,-1.501800
1762758314.396301,-1.030056,-0.588974,-1.502018
1762758314.437155,-1.030185,-0.593840,-1.501590
1762758314.470660,-1.030864,-0.593922,-1.501504
1762758314.717129,-1.031500,-0.598468,-1.500736
1762758314.733896,-1.032109,-0.604936,-1.500105
1762758314.751352,-1.032220,-0.606908,-1.500298
1762758314.807791,-1.031063,-0.610994,-1.500277
1762758314.828555,-1.031409,-0.612412,-1.500322
1762758314.842041,-1.031189,-0.616927,-1.500288
1762758314.862586,-1.031790,-0.616808,-1.500219
1762758314.879599,-1.029382,-0.618749,-1.500937
1762758314.900557,-1.029865,-0.619737,-1.500925
1762758314.931892,-1.031156,-0.623854,-1.500010
1762758314.949384,-1.030845,-0.626895,-1.500358
1762758314.972135,-1.031355,-0.630685,-1.500331
1762758315.014103,-1.031455,-0.631719,-1.500453
1762758315.048307,-1.030685,-0.633893,-1.500961
1762758315.089301,-1.030992,-0.635206,-1.501041
1762758315.131811,-1.030594,-0.639091,-1.501095
1762758315.164016,-1.030801,-0.640050,-1.501176
1762758315.203142,-1.031233,-0.644349,-1.500852
1762758315.244915,-1.031226,-0.646706,-1.501120
1762758315.500834,-1.032096,-0.651266,-1.500238
1762758315.522676,-1.031253,-0.659146,-1.500082
1762758315.540058,-1.031067,-0.662357,-1.500402
1762758315.562204,-1.032186,-0.669332,-1.498675
1762758315.580255,-1.032373,-0.670943,-1.498787
1762758315.602578,-1.030391,-0.672689,-1.499712
1762758315.620250,-1.030324,-0.675783,-1.500045
1762758315.638052,-1.030420,-0.678707,-1.500031
1762758315.652362,-1.031127,-0.679507,-1.499995
1762758315.673098,-1.031234,-0.683914,-1.499845
1762758315.708750,-1.031998,-0.683192,-1.499632
1762758315.776464,-1.032729,-0.688170,-1.498557
1762758315.795185,-1.033015,-0.689780,-1.498682
1762758315.834714,-1.031769,-0.690974,-1.499746
1762758315.861954,-1.032454,-0.691699,-1.499673
1762758315.894433,-1.031777,-0.695198,-1.499900
1762758316.147330,-1.032047,-0.696952,-1.500001
1762758316.170319,-1.032405,-0.702294,-1.499049
1762758316.198831,-1.032686,-0.708941,-1.497430
1762758316.228626,-1.032793,-0.710468,-1.497620
1762758316.246957,-1.033695,-0.713811,-1.497631
1762758316.268512,-1.034166,-0.714613,-1.497613
1762758316.282818,-1.035459,-0.717618,-1.498035
1762758316.301270,-1.036055,-0.718323,-1.498026
1762758316.319131,-1.035477,-0.722995,-1.497821
1762758316.548332,-1.035714,-0.725299,-1.498029
1762758316.782034,-1.036246,-0.732113,-1.498037
1762758316.829140,-1.037671,-0.752655,-1.497324
1762758316.845986,-1.037751,-0.754418,-1.497458
1762758316.875072,-1.037179,-0.759197,-1.497045
1762758316.897191,-1.037569,-0.759899,-1.497158
1762758316.922176,-1.038054,-0.765054,-1.496671
1762758316.942869,-1.038194,-0.766393,-1.496768
1762758316.968415,-1.035887,-0.770163,-1.497033
1762758316.990628,-1.036096,-0.772615,-1.497326
1762758317.011848,-1.035978,-0.779757,-1.495818
1762758317.251050,-1.036145,-0.782479,-1.496053
1762758317.268122,-1.036648,-0.786972,-1.495810
1762758317.285419,-1.037557,-0.791544,-1.495414
1762758317.302207,-1.037724,-0.791394,-1.495272
1762758317.315566,-1.037718,-0.794318,-1.495820
1762758317.332546,-1.037646,-0.796486,-1.496046
1762758317.349718,-1.037982,-0.800075,-1.496260
1762758317.366838,-1.038221,-0.802012,-1.496373
1762758317.383851,-1.038330,-0.806812,-1.495818
1762758317.490425,-1.038503,-0.806491,-1.495782
1762758317.507420,-1.039507,-0.809397,-1.495395
1762758317.520955,-1.040126,-0.809840,-1.495386
1762758317.744231,-1.039241,-0.815085,-1.494528
1762758317.772644,-1.039462,-0.823434,-1.493176
1762758317.790165,-1.039774,-0.826025,-1.493688
1762758317.803394,-1.040210,-0.826032,-1.493695
1762758317.820629,-1.040119,-0.830890,-1.492877
1762758317.834152,-1.040297,-0.831517,-1.492931
1762758317.912474,-1.040720,-0.833449,-1.493556
1762758317.925865,-1.040815,-0.835198,-1.493696
1762758317.953410,-1.040331,-0.839797,-1.493119
1762758317.974744,-1.040870,-0.839459,-1.493033
1762758317.995580,-1.040403,-0.845648,-1.491517
1762758318.010120,-1.040866,-0.844961,-1.491394
1762758318.026839,-1.040824,-0.848011,-1.491936
1762758318.044147,-1.040961,-0.848808,-1.491938
1762758318.089412,-1.040720,-0.851861,-1.492055
1762758318.121568,-1.040706,-0.854487,-1.492374
1762758318.159926,-1.041853,-0.857413,-1.492038
1762758318.194110,-1.041813,-0.858294,-1.491988
1762758318.230785,-1.042307,-0.861777,-1.492108
1762758318.273144,-1.043112,-0.862572,-1.492063
1762758318.315557,-1.042376,-0.868762,-1.490907
1762758318.347214,-1.042404,-0.870488,-1.491033
1762758318.398163,-1.041478,-0.872351,-1.492319
1762758318.418517,-1.041440,-0.873862,-1.492504
1762758318.460654,-1.041946,-0.877137,-1.492291
1762758318.490474,-1.042312,-0.877682,-1.492292
1762758318.530256,-1.042245,-0.881340,-1.492825
1762758318.772497,-1.042702,-0.881372,-1.492738
1762758318.796556,-1.042373,-0.889943,-1.491750
1762758318.817576,-1.043613,-0.892930,-1.492353
1762758318.830684,-1.044178,-0.893291,-1.492346
1762758318.850860,-1.042660,-0.898167,-1.491938
1762758318.867940,-1.043137,-0.899011,-1.491981
1762758318.906526,-1.043494,-0.905103,-1.490726
1762758318.923351,-1.043859,-0.906591,-1.490739
1762758319.140732,-1.043906,-0.910306,-1.490484
1762758319.161217,-1.044703,-0.915601,-1.491467
1762758319.188309,-1.044810,-0.917551,-1.491677
1762758319.208741,-1.044527,-0.921338,-1.491861
1762758319.222013,-1.045298,-0.921495,-1.491820
1762758319.238890,-1.046114,-0.925113,-1.491707
1762758319.277374,-1.046054,-0.927383,-1.491861
1762758319.311383,-1.045378,-0.931831,-1.491942
1762758319.328149,-1.046137,-0.930376,-1.491685
1762758319.348175,-1.046410,-0.935026,-1.491177
1762758319.368592,-1.046965,-0.936339,-1.491243
1762758319.382406,-1.046449,-0.939805,-1.491328
1762758319.411852,-1.046409,-0.942545,-1.491573
1762758319.436057,-1.045534,-0.946861,-1.491551
1762758319.680465,-1.045897,-0.947691,-1.491643
1762758319.697560,-1.046498,-0.950630,-1.492004
1762758319.711488,-1.047038,-0.950372,-1.491931
1762758319.732405,-1.046822,-0.954983,-1.491811
1762758319.747274,-1.047331,-0.956041,-1.491855
1762758319.764353,-1.047032,-0.959125,-1.492367
1762758319.781670,-1.047699,-0.958045,-1.492188
1762758319.798703,-1.047751,-0.962946,-1.491403
1762758319.815968,-1.047871,-0.966235,-1.491737
1762758319.832888,-1.047534,-0.969090,-1.491728
1762758319.849596,-1.048091,-0.970141,-1.491674
1762758319.880273,-1.048071,-0.972565,-1.492430
1762758319.924812,-1.048303,-0.975003,-1.492714
1762758319.961431,-1.047974,-0.975521,-1.493818
1762758319.998507,-1.048045,-0.977912,-1.494020
1762758320.040975,-1.048341,-0.982902,-1.493587
1762758320.071677,-1.048552,-0.984458,-1.493734
1762758320.113647,-1.047791,-0.987066,-1.494062
1762758320.153792,-1.047769,-0.988908,-1.494281
1762758320.184237,-1.047491,-0.993310,-1.494026
1762758320.218502,-1.047470,-0.996333,-1.494363
1762758320.255313,-1.047228,-0.998761,-1.494521
1762758320.291465,-1.047435,-1.000119,-1.494585
1762758320.328040,-1.047227,-1.005868,-1.493695
1762758320.364670,-1.047377,-1.008533,-1.493967
1762758320.402643,-1.047723,-1.010942,-1.494810
1762758320.434191,-1.047793,-1.012989,-1.494973
1762758320.467835,-1.047153,-1.016633,-1.495406
1762758320.509750,-1.047311,-1.017893,-1.495532
1762758320.550476,-1.047874,-1.020458,-1.495668
1762758320.583613,-1.047864,-1.024108,-1.496074
1762758320.625958,-1.046684,-1.026169,-1.496658
1762758320.652507,-1.047390,-1.024415,-1.496309
1762758320.707039,-1.047086,-1.028809,-1.495502
1762758320.730972,-1.047701,-1.028458,-1.495275
1762758320.769594,-1.048869,-1.032240,-1.495088
1762758320.803679,-1.049038,-1.033425,-1.495189
1762758320.851898,-1.049481,-1.037652,-1.494713
1762758320.884666,-1.049686,-1.038047,-1.494681
1762758320.925860,-1.050033,-1.041850,-1.494748
1762758321.164042,-1.049936,-1.044030,-1.495022
1762758321.181050,-1.048484,-1.047004,-1.495604
1762758321.201315,-1.049438,-1.045570,-1.495242
1762758321.224950,-1.048680,-1.049589,-1.494806
1762758321.238193,-1.049103,-1.050389,-1.494822
1762758321.261744,-1.049222,-1.056025,-1.493869
1762758321.278805,-1.049338,-1.057137,-1.494010
1762758321.298688,-1.050211,-1.059768,-1.494635
1762758321.319012,-1.050851,-1.061071,-1.494598
1762758321.335310,-1.051158,-1.065660,-1.494000
1762758321.351824,-1.051499,-1.067684,-1.494111
1762758321.384825,-1.049519,-1.069461,-1.495118
1762758321.417474,-1.050226,-1.068843,-1.494967
1762758321.459435,-1.051232,-1.072522,-1.495147
1762758321.555802,-1.051570,-1.073877,-1.495292
1762758321.574146,-1.051144,-1.076538,-1.495731
1762758321.591251,-1.051342,-1.078844,-1.495954
1762758321.611578,-1.051093,-1.083590,-1.495578
1762758321.648876,-1.051630,-1.085384,-1.495706
1762758321.690194,-1.050957,-1.090210,-1.495806
1762758321.720642,-1.050850,-1.096411,-1.496484
1762758321.768591,-1.051271,-1.100524,-1.496284
1762758321.802729,-1.051695,-1.100414,-1.496250
1762758321.835427,-1.052094,-1.103846,-1.496016
1762758321.878890,-1.052519,-1.104470,-1.495959
1762758321.931533,-1.051844,-1.109430,-1.495618
1762758321.956696,-1.052274,-1.109954,-1.495557
1762758321.997098,-1.053515,-1.113487,-1.495538
1762758322.035169,-1.053507,-1.116265,-1.495837
1762758322.075511,-1.054263,-1.119374,-1.496560
1762758322.111648,-1.054490,-1.119803,-1.496516
1762758322.151558,-1.054752,-1.123744,-1.496146
1762758322.274423,-1.055371,-1.124394,-1.496118
1762758322.291394,-1.055046,-1.128276,-1.496799
1762758322.307800,-1.054892,-1.131931,-1.497193
1762758322.327920,-1.054749,-1.137581,-1.496213
1762758322.366193,-1.055156,-1.140284,-1.496511
1762758322.406955,-1.054524,-1.144904,-1.496297
1762758322.584337,-1.054548,-1.146739,-1.496335
1762758322.604358,-1.055899,-1.149750,-1.496364
1762758322.617698,-1.056232,-1.150845,-1.496393
1762758322.634126,-1.057473,-1.154047,-1.497063
1762758322.650662,-1.058028,-1.155647,-1.497123
1762758322.677488,-1.056802,-1.159254,-1.496206
1762758322.693969,-1.057299,-1.159864,-1.496266
1762758322.713865,-1.056890,-1.161226,-1.494704
1762758322.742521,-1.056492,-1.162619,-1.494881
1762758322.788338,-1.055280,-1.163635,-1.494783
1762758322.824180,-1.055604,-1.163354,-1.494620
1762758322.869152,-1.055044,-1.165437,-1.493296
1762758322.896800,-1.054948,-1.164149,-1.493094
1762758322.931088,-1.055053,-1.163815,-1.493797
1762758322.971241,-1.055344,-1.163631,-1.493728
1762758323.012447,-1.054957,-1.164013,-1.493439
1762758323.049618,-1.054936,-1.165482,-1.493565
1762758323.083836,-1.054466,-1.165277,-1.493657
1762758323.115418,-1.054795,-1.164323,-1.493497
1762758323.360048,-1.054944,-1.165949,-1.492793
1762758323.380496,-1.055164,-1.164523,-1.492554
1762758323.397435,-1.055459,-1.165920,-1.492001
1762758323.414147,-1.056183,-1.163551,-1.491536
1762758323.431478,-1.055287,-1.164861,-1.491612
1762758323.444794,-1.055596,-1.163935,-1.491358
1762758323.457872,-1.055351,-1.164733,-1.491403
1762758323.474372,-1.055496,-1.163431,-1.491190
1762758323.491344,-1.055297,-1.163359,-1.491057
1762758323.507981,-1.055717,-1.162751,-1.490913
1762758323.541843,-1.056990,-1.162050,-1.491225
1762758323.585878,-1.056533,-1.164047,-1.491388
1762758323.620081,-1.056413,-1.163529,-1.491504
1762758323.656431,-1.056404,-1.162366,-1.491310
1762758323.692304,-1.056480,-1.163417,-1.491294
1762758323.741694,-1.056356,-1.163067,-1.491184
1762758323.773366,-1.054793,-1.163579,-1.491709
1762758324.009547,-1.055016,-1.164141,-1.491670
1762758324.029550,-1.054938,-1.166252,-1.490443
1762758324.046345,-1.055168,-1.166040,-1.490323
1762758324.066787,-1.055825,-1.168267,-1.489112
1762758324.084097,-1.055894,-1.167244,-1.488968
1762758324.104707,-1.055983,-1.168370,-1.488106
1762758324.121522,-1.055896,-1.169372,-1.488261
1762758324.142704,-1.055735,-1.169172,-1.488330
1762758324.159160,-1.055913,-1.167834,-1.488142
1762758324.176225,-1.056305,-1.167601,-1.488379
1762758324.193141,-1.056200,-1.167132,-1.488203
1762758324.210258,-1.055851,-1.169264,-1.487285
1762758324.247248,-1.056117,-1.167917,-1.488071
1762758324.291763,-1.055605,-1.164307,-1.491809
1762758324.331941,-1.050365,-1.171261,-1.497673
1762758324.422747,-1.064606,-1.138456,-1.515278
1762758324.455427,-1.057326,-1.151219,-1.518517
1762758324.527905,-1.070677,-1.107598,-1.543710
1762758324.551806,-1.065435,-1.116971,-1.558814
1762758324.626121,-1.079690,-1.067428,-1.581066
1762758324.650747,-1.074053,-1.076943,-1.597816
1762758324.731219,-1.086889,-1.027570,-1.615100
1762758324.766486,-1.081768,-1.039757,-1.634316
1762758324.814893,-1.092345,-0.994023,-1.656096
1762758324.846013,-1.088000,-1.003832,-1.664181
1762758324.895300,-1.100010,-0.952277,-1.687177
1762758324.930406,-1.096385,-0.960796,-1.694867
1762758324.988214,-1.105495,-0.917309,-1.718136
1762758325.025020,-1.101860,-0.921105,-1.730281
1762758325.079519,-1.112483,-0.876038,-1.754162
1762758325.108477,-1.111385,-0.884097,-1.760915
1762758325.151819,-1.116498,-0.841563,-1.784066
1762758325.179987,-1.113907,-0.846903,-1.790400
1762758325.233995,-1.119450,-0.804864,-1.814798
1762758325.268955,-1.116843,-0.810444,-1.821407
1762758325.320038,-1.126306,-0.765945,-1.845967
1762758325.355528,-1.124417,-0.768535,-1.852166
1762758325.412443,-1.131406,-0.728094,-1.871217
1762758325.477769,-1.138420,-0.714381,-1.901821
1762758325.540354,-1.142349,-0.698777,-1.931060
1762758325.561026,-1.143823,-0.696436,-1.932168
1762758325.639493,-1.136299,-0.678631,-1.942454
1762758325.688581,-1.139375,-0.671933,-1.945657
1762758325.706576,-1.139474,-0.671689,-1.945726
1762758325.731021,-1.139098,-0.670114,-1.947804
1762758325.745090,-1.139284,-0.670453,-1.947857
1762758325.778244,-1.138255,-0.671611,-1.947148
1762758325.799065,-1.138425,-0.670689,-1.947110
1762758325.816387,-1.138730,-0.670212,-1.947600
1762758325.834349,-1.139030,-0.670899,-1.947719
1762758325.856448,-1.137925,-0.671373,-1.947433
1762758325.870034,-1.137670,-0.671051,-1.947402
1762758325.887552,-1.136921,-0.670029,-1.947548
1762758325.903922,-1.136689,-0.669939,-1.947533
1762758325.955905,-1.136732,-0.669864,-1.948263
1762758326.013102,-1.136608,-0.669567,-1.947675
1762758326.041572,-1.140062,-0.671156,-1.945104
1762758326.062335,-1.141199,-0.670542,-1.943256
1762758326.140369,-1.131506,-0.711138,-1.914209
1762758326.161479,-1.132815,-0.713124,-1.910660
1762758326.212090,-1.128899,-0.755575,-1.887483
1762758326.240402,-1.130956,-0.754556,-1.880715
1762758326.291240,-1.125394,-0.797910,-1.856181
1762758326.331434,-1.127840,-0.795730,-1.849932
1762758326.391709,-1.120985,-0.839874,-1.825185
1762758326.419935,-1.123470,-0.835700,-1.814899
1762758326.491174,-1.119268,-0.875430,-1.793558
1762758326.523322,-1.121143,-0.868197,-1.779110
1762758326.590344,-1.110524,-0.917962,-1.757950
1762758326.623015,-1.113458,-0.909345,-1.748033
1762758326.674748,-1.102487,-0.957384,-1.723248
1762758326.706326,-1.106475,-0.949297,-1.716221
1762758326.754609,-1.094209,-0.997985,-1.692249
1762758326.782711,-1.099316,-0.989972,-1.684551
1762758326.839906,-1.087907,-1.038135,-1.660863
1762758326.885834,-1.094039,-1.024773,-1.646070
1762758326.947082,-1.080189,-1.074216,-1.621498
1762758326.982048,-1.086808,-1.061854,-1.612490
1762758327.039934,-1.072471,-1.110512,-1.589876
1762758327.064184,-1.078324,-1.100305,-1.573746
1762758327.135400,-1.061618,-1.152511,-1.553354
1762758327.170478,-1.069170,-1.136558,-1.537585
1762758327.231950,-1.050293,-1.189835,-1.514921
1762758327.305933,-1.038438,-1.197357,-1.476696
1762758327.384470,-1.030455,-1.199317,-1.442373
1762758327.437177,-1.018922,-1.205249,-1.402727
1762758327.460665,-1.024696,-1.191746,-1.392837
1762758327.521766,-1.004867,-1.241610,-1.369698
1762758327.576291,-0.992746,-1.241154,-1.336510
1762758327.623495,-1.006531,-1.190972,-1.315435
1762758327.709650,-0.985438,-1.241549,-1.292479
1762758327.778798,-0.971942,-1.235965,-1.254563
1762758327.898723,-0.957275,-1.245099,-1.218287
1762758327.988125,-0.928821,-1.219058,-1.162799
1762758328.073959,-0.898822,-1.262572,-1.104100
1762758328.132891,-0.882446,-1.265957,-1.066597
1762758328.195182,-0.862809,-1.275841,-1.028862
1762758328.288537,-0.871551,-1.236588,-1.013802
1762758328.378470,-0.847088,-1.264262,-0.955120
1762758328.445203,-0.825592,-1.273020,-0.917337
1762758328.501441,-0.805470,-1.278682,-0.887269
1762758328.567626,-0.786788,-1.280826,-0.856897
1762758328.621821,-0.767942,-1.285905,-0.828415
1762758328.726269,-0.745738,-1.266404,-0.815349
1762758328.768394,-0.744264,-1.273857,-0.807852
1762758328.784417,-0.744941,-1.273340,-0.807528
1762758328.803784,-0.745508,-1.271932,-0.807647
1762758328.819826,-0.744534,-1.273881,-0.808128
1762758328.836248,-0.743686,-1.274634,-0.807904
1762758328.852370,-0.744396,-1.273948,-0.807335
1762758328.866087,-0.744153,-1.273907,-0.807289
1762758328.885941,-0.746385,-1.270725,-0.806165
1762758328.902677,-0.747829,-1.270806,-0.806331
1762758328.915653,-0.747312,-1.270745,-0.806603
1762758328.961431,-0.747915,-1.269670,-0.806749
1762758328.987325,-0.748886,-1.268327,-0.806236
1762758329.028301,-0.746766,-1.269801,-0.805756
1762758329.065224,-0.745848,-1.272457,-0.806319
1762758329.102895,-0.745504,-1.272576,-0.806222
1762758329.147716,-0.745128,-1.273584,-0.806429
1762758329.190156,-0.742954,-1.274705,-0.806004
1762758329.219234,-0.741767,-1.275643,-0.806647
1762758329.252820,-0.741859,-1.274783,-0.806716
1762758329.361522,-0.742902,-1.274664,-0.806259
1762758329.384475,-0.746500,-1.272136,-0.806932
1762758329.403883,-0.746087,-1.274197,-0.807160
1762758329.420616,-0.745684,-1.274010,-0.807048
1762758329.437381,-0.745537,-1.275686,-0.807078
1762758329.487854,-0.745297,-1.274806,-0.807085
1762758329.528178,-0.745006,-1.274644,-0.807324
1762758329.563445,-0.746070,-1.273408,-0.807547
1762758329.608260,-0.747715,-1.272076,-0.806666
1762758329.651954,-0.747868,-1.271602,-0.806664
1762758329.687154,-0.748220,-1.270860,-0.806618
1762758329.730593,-0.748226,-1.271339,-0.806512
1762758329.766769,-0.749297,-1.270744,-0.805872
1762758329.812816,-0.752202,-1.268068,-0.806455
1762758329.856982,-0.752260,-1.267690,-0.806347
1762758329.901140,-0.752038,-1.268406,-0.806216
1762758329.936271,-0.751349,-1.268997,-0.806695
1762758329.971041,-0.749891,-1.269783,-0.806432
1762758330.010791,-0.749874,-1.270444,-0.806399
1762758330.055200,-0.749584,-1.269054,-0.806811
1762758330.088337,-0.747283,-1.271272,-0.808956
1762758330.135531,-0.750000,-1.267928,-0.810435
1762758330.171593,-0.749526,-1.271863,-0.813364
1762758330.354267,-0.753355,-1.270032,-0.815333
1762758330.370146,-0.756919,-1.273080,-0.816517
1762758330.392707,-0.761043,-1.274023,-0.817716
1762758330.411753,-0.763739,-1.277667,-0.818883
1762758330.441494,-0.765249,-1.282828,-0.818540
1762758330.495909,-0.766567,-1.289398,-0.819837
1762758330.516819,-0.770006,-1.292894,-0.819788
1762758330.530493,-0.773575,-1.293735,-0.819872
1762758330.546877,-0.775804,-1.297584,-0.819559
1762758330.659626,-0.780768,-1.296533,-0.818684
1762758330.675394,-0.784607,-1.299630,-0.818648
1762758330.688221,-0.788731,-1.301253,-0.818358
1762758330.713866,-0.792201,-1.304152,-0.818193
1762758330.729617,-0.795512,-1.306337,-0.818241
1762758330.750394,-0.799506,-1.310461,-0.818196
1762758330.773662,-0.803687,-1.312530,-0.818020
1762758330.818829,-0.808857,-1.314308,-0.818179
1762758330.867600,-0.809666,-1.318401,-0.819040
1762758330.899020,-0.813994,-1.321989,-0.819014
1762758330.931860,-0.817294,-1.323058,-0.819055
1762758330.976058,-0.821687,-1.326322,-0.819038
1762758331.049560,-0.822985,-1.332221,-0.820077
1762758331.083598,-0.828054,-1.334607,-0.820293
1762758331.124414,-0.833016,-1.334527,-0.819601
1762758331.154527,-0.836585,-1.336981,-0.819521
1762758331.174188,-0.838462,-1.342166,-0.820560
1762758331.191616,-0.843170,-1.344852,-0.820537
1762758331.236542,-0.846784,-1.345678,-0.820467
1762758331.265856,-0.852014,-1.347702,-0.820654
1762758331.314291,-0.856213,-1.346991,-0.820178
1762758331.343324,-0.859972,-1.349986,-0.820109
1762758331.395304,-0.863538,-1.352156,-0.820226
1762758331.424214,-0.865356,-1.357906,-0.819632
1762758331.460123,-0.868001,-1.361570,-0.820202
1762758331.501667,-0.873829,-1.362954,-0.820439
1762758331.526266,-0.876877,-1.365207,-0.820709
1762758331.568656,-0.881400,-1.367023,-0.820820
1762758331.614029,-0.882262,-1.371361,-0.821620
1762758331.642796,-0.883589,-1.371537,-0.821603
1762758331.677297,-0.884594,-1.370258,-0.821073
1762758331.710990,-0.883936,-1.370401,-0.820931
1762758331.746665,-0.883768,-1.371422,-0.821068
1762758331.782866,-0.883283,-1.372279,-0.820933
1762758331.824275,-0.883344,-1.371847,-0.820877
1762758331.868181,-0.883663,-1.369641,-0.820991
1762758331.894190,-0.884068,-1.368889,-0.820854
1762758331.933493,-0.886310,-1.366618,-0.821300
1762758331.977710,-0.887490,-1.365111,-0.820598
1762758332.003152,-0.888390,-1.364311,-0.820798
1762758332.045525,-0.887333,-1.365482,-0.821483
1762758332.085311,-0.885715,-1.366682,-0.821173
1762758332.110127,-0.885732,-1.365886,-0.821080
1762758332.159270,-0.886883,-1.365981,-0.821229
1762758332.194188,-0.888717,-1.364066,-0.820379
1762758332.236924,-0.886703,-1.364977,-0.820028
1762758332.306053,-0.885026,-1.366468,-0.820807
1762758332.322509,-0.883068,-1.368017,-0.820376
1762758332.340973,-0.883571,-1.368357,-0.820134
1762758332.385448,-0.882572,-1.369203,-0.819902
1762758332.418443,-0.884531,-1.366784,-0.818688
1762758332.460296,-0.884910,-1.366773,-0.818721
1762758332.501320,-0.884576,-1.368144,-0.818922
1762758332.538870,-0.883522,-1.368306,-0.818739
1762758332.578589,-0.882740,-1.367763,-0.818974
1762758332.620950,-0.883485,-1.367355,-0.819082
1762758332.665359,-0.884037,-1.365672,-0.818751
1762758332.699853,-0.883654,-1.365991,-0.818622
1762758332.733953,-0.883226,-1.366981,-0.818863
1762758332.776819,-0.883173,-1.366798,-0.818856
1762758332.822079,-0.882309,-1.368108,-0.819377
1762758332.868166,-0.882837,-1.367552,-0.819402
1762758332.908767,-0.884832,-1.363620,-0.818210
1762758332.947086,-0.886233,-1.362243,-0.818496
1762758332.980173,-0.886172,-1.362271,-0.818333
1762758333.026152,-0.885785,-1.362655,-0.818274
1762758333.066303,-0.884971,-1.365086,-0.818943
1762758333.110732,-0.887928,-1.361551,-0.819524
1762758333.146276,-0.888701,-1.360202,-0.818906
1762758333.190365,-0.889677,-1.358649,-0.819152
1762758333.233153,-0.890319,-1.357449,-0.818830
1762758333.271784,-0.891367,-1.356561,-0.819039
1762758333.309520,-0.891145,-1.356710,-0.819247
1762758333.347499,-0.891543,-1.355548,-0.819255
1762758333.387756,-0.892443,-1.353736,-0.818612
1762758333.428051,-0.891099,-1.354890,-0.818314
1762758333.469233,-0.891726,-1.354458,-0.817838
1762758333.504687,-0.889768,-1.355896,-0.817337
1762758333.540960,-0.887669,-1.357853,-0.818313
1762758333.582658,-0.888225,-1.357147,-0.818438
1762758333.622421,-0.890233,-1.354648,-0.817456
1762758333.696453,-0.891025,-1.352580,-0.817746
1762758333.717078,-0.890928,-1.352041,-0.817494
1762758333.735459,-0.891742,-1.351781,-0.817616
1762758333.774708,-0.890687,-1.354536,-0.818295
1762758333.806517,-0.889441,-1.353971,-0.818099
1762758333.849391,-0.889440,-1.354754,-0.818204
1762758333.883096,-0.893138,-1.350460,-0.818927
1762758333.921514,-0.893458,-1.349779,-0.818536
1762758333.966149,-0.892115,-1.350956,-0.818225
1762758334.003874,-0.891656,-1.352601,-0.818667
1762758334.047341,-0.891676,-1.352013,-0.818718
1762758334.100327,-0.890092,-1.354892,-0.819681
1762758334.142582,-0.889894,-1.355091,-0.819680
1762758334.179054,-0.890016,-1.355191,-0.819616
1762758334.232760,-0.890538,-1.353762,-0.819763
1762758334.274383,-0.889441,-1.355163,-0.820530
1762758334.315124,-0.889270,-1.355821,-0.820403
1762758334.367194,-0.888793,-1.357744,-0.820758
1762758334.418124,-0.888088,-1.357291,-0.820706
1762758334.454862,-0.886466,-1.359037,-0.821263
1762758334.499209,-0.888175,-1.357699,-0.821556
1762758334.537054,-0.886714,-1.360924,-0.822626
1762758334.582925,-0.885152,-1.363475,-0.822162
1762758334.616173,-0.886044,-1.361610,-0.821492
1762758334.660209,-0.888326,-1.358712,-0.822118
1762758334.694925,-0.886851,-1.360363,-0.822776
1762758334.739231,-0.887017,-1.359447,-0.822761
1762758334.781128,-0.887019,-1.360136,-0.822785
1762758334.822048,-0.886864,-1.360384,-0.822727
1762758334.864938,-0.888226,-1.358392,-0.821944
1762758334.899261,-0.888716,-1.357177,-0.822131
1762758334.936226,-0.888920,-1.356298,-0.821955
1762758334.963111,-0.888720,-1.356121,-0.821849
1762758335.020813,-0.886557,-1.360444,-0.823357
1762758335.240494,-0.887421,-1.359301,-0.823559
1762758335.256627,-0.887215,-1.360321,-0.823294
1762758335.272684,-0.886289,-1.363309,-0.823668
1762758335.295532,-0.887993,-1.361289,-0.824073
1762758335.311522,-0.888847,-1.360394,-0.823688
1762758335.327700,-0.890920,-1.358096,-0.824043
1762758335.343702,-0.892586,-1.354940,-0.823116
1762758335.369582,-0.893398,-1.353514,-0.823376
1762758335.385498,-0.893691,-1.353860,-0.823315
1762758335.411010,-0.894548,-1.353417,-0.823461
1762758335.450576,-0.893723,-1.355355,-0.823883
1762758335.500648,-0.896597,-1.352311,-0.824443
1762758335.540730,-0.896880,-1.352174,-0.824267
1762758335.584823,-0.896176,-1.351767,-0.824227
1762758335.633193,-0.896310,-1.352111,-0.824142
1762758335.651477,-0.896435,-1.351774,-0.824178
1762758335.700462,-0.894963,-1.353936,-0.825114
1762758335.744241,-0.895589,-1.352764,-0.825231
1762758335.783621,-0.893674,-1.355927,-0.826013
1762758335.809377,-0.890421,-1.358631,-0.825376
1762758335.845778,-0.890448,-1.359217,-0.825473
1762758335.889856,-0.891490,-1.358370,-0.825644
1762758335.923930,-0.892436,-1.357439,-0.824895
1762758335.982337,-0.891720,-1.357172,-0.824762
1762758336.039505,-0.892416,-1.356295,-0.824470
1762758336.059361,-0.891399,-1.356580,-0.824302
1762758336.083077,-0.893340,-1.353239,-0.823321
1762758336.133444,-0.892377,-1.353499,-0.823079
1762758336.155089,-0.891819,-1.355274,-0.823410
1762758336.206883,-0.893180,-1.354268,-0.823666
1762758336.243192,-0.891975,-1.357204,-0.824467
1762758336.278628,-0.892600,-1.355529,-0.824697
1762758336.334219,-0.895148,-1.353123,-0.823377
1762758336.353528,-0.894429,-1.354132,-0.823109
1762758336.397049,-0.892450,-1.357153,-0.824281
1762758336.429241,-0.893483,-1.355612,-0.824488
1762758336.463600,-0.894204,-1.355400,-0.824190
1762758336.502219,-0.895782,-1.354423,-0.824521
1762758336.529951,-0.896312,-1.354362,-0.824285
1762758336.571437,-0.895756,-1.355333,-0.824154
1762758336.605892,-0.895666,-1.355586,-0.824242
1762758336.651098,-0.894424,-1.355084,-0.823973
1762758336.678355,-0.894149,-1.354692,-0.823971
1762758336.762899,-0.894517,-1.353408,-0.824137
1762758336.851318,-0.893795,-1.354456,-0.824765
1762758336.920276,-0.895343,-1.352623,-0.825133
1762758336.942807,-0.896760,-1.350709,-0.824142
1762758336.966675,-0.895351,-1.351270,-0.823853
1762758336.983160,-0.895100,-1.351980,-0.824029
1762758337.009618,-0.894827,-1.351753,-0.823977
1762758337.029900,-0.894105,-1.353142,-0.824258
1762758337.046270,-0.893462,-1.353733,-0.824134
1762758337.066643,-0.891214,-1.358169,-0.825578
1762758337.106744,-0.893028,-1.355526,-0.826010
1762758337.142016,-0.893300,-1.354856,-0.825820
1762758337.175278,-0.892777,-1.356293,-0.825606
1762758337.216037,-0.891984,-1.357351,-0.826075
1762758337.256291,-0.893428,-1.355585,-0.826468
1762758337.287671,-0.894728,-1.353922,-0.825705
